device,date,hour,power,current,voltage,energy,isOn
bulb,12/8/2025,0,38.48,6.3,6.57,0.01343,True
bulb,12/8/2025,1,34.04,6.48,8.86,0.00956,True
bulb,12/8/2025,2,37.95,6.44,6.0,0.0072,True
bulb,12/8/2025,3,38.62,6.38,6.46,0.00542,True
bulb,12/8/2025,4,40.41,6.61,7.5,0.00416,True
bulb,12/8/2025,5,41.74,6.88,5.97,0.00748,True
bulb,12/8/2025,6,35.79,6.79,8.85,0.01001,True
bulb,12/8/2025,7,33.05,6.47,7.47,0.01393,True
bulb,12/8/2025,8,41.41,6.23,6.21,0.01241,True
bulb,12/8/2025,9,41.21,6.77,8.34,0.01024,True
bulb,12/8/2025,10,33.65,6.45,7.95,0.01143,True
bulb,12/8/2025,11,33.64,6.29,8.45,0.0096,True
bulb,12/8/2025,12,38.87,6.35,5.38,0.01279,True
bulb,12/8/2025,13,40.29,6.23,8.09,0.01129,True
bulb,12/8/2025,14,33.14,6.51,8.9,0.00973,True
bulb,12/8/2025,15,32.43,6.2,8.14,0.01113,True
bulb,12/8/2025,16,39.16,6.8,5.29,0.00884,True
bulb,12/8/2025,17,40.77,5.92,8.22,0.00726,True
bulb,12/8/2025,18,33.69,6.72,6.77,0.01192,True
bulb,12/8/2025,19,37.89,6.49,7.42,0.01203,True
bulb,12/8/2025,20,37.33,6.76,8.26,0.007,True
bulb,12/8/2025,21,35.94,6.73,7.04,0.00718,True
bulb,12/8/2025,22,37.1,6.45,5.54,0.00836,True
bulb,12/8/2025,23,32.98,6.22,6.96,0.01067,True
bulb,12/7/2025,0,33.74,5.94,8.42,0.00862,True
bulb,12/7/2025,1,40.74,6.51,7.7,0.0135,True
bulb,12/7/2025,2,41.33,6.08,6.4,0.00678,True
bulb,12/7/2025,3,41.47,6.55,6.77,0.0044,True
bulb,12/7/2025,4,41.97,6.51,8.44,0.00659,True
bulb,12/7/2025,5,35.32,6.5,7.49,0.01042,True
bulb,12/7/2025,6,38.47,5.9,6.5,0.00749,True
bulb,12/7/2025,7,38.15,6.5,5.5,0.00416,True
bulb,12/7/2025,8,38.68,6.5,4.99,0.00593,True
bulb,12/7/2025,9,32.35,6.82,6.05,0.01111,True
bulb,12/7/2025,10,38.64,6.49,6.86,0.00429,True
bulb,12/7/2025,11,36.41,6.77,8.75,0.00454,True
bulb,12/7/2025,12,39.03,6.78,7.27,0.0052,True
bulb,12/7/2025,13,33.63,6.82,6.54,0.0088,True
bulb,12/7/2025,14,41.24,6.42,8.37,0.00935,True
bulb,12/7/2025,15,35.98,6.36,6.26,0.0102,True
bulb,12/7/2025,16,41.38,6.63,5.43,0.01056,True
bulb,12/7/2025,17,40.97,6.57,7.79,0.01324,True
bulb,12/7/2025,18,39.05,6.34,7.52,0.01212,True
bulb,12/7/2025,19,40.27,6.22,6.48,0.00436,True
bulb,12/7/2025,20,37.59,6.57,7.17,0.01092,True
bulb,12/7/2025,21,37.2,6.49,8.78,0.0058,True
bulb,12/7/2025,22,34.18,6.31,6.28,0.00409,True
bulb,12/7/2025,23,38.74,5.98,5.8,0.008,True
bulb,12/6/2025,0,40.99,6.14,8.51,0.0044,True
bulb,12/6/2025,1,41.45,6.37,5.74,0.00736,True
bulb,12/6/2025,2,42.19,6.36,8.75,0.01099,True
bulb,12/6/2025,3,37.38,6.37,7.9,0.01071,True
bulb,12/6/2025,4,40.0,5.96,8.67,0.01238,True
bulb,12/6/2025,5,33.64,6.3,8.32,0.00467,True
bulb,12/6/2025,6,36.13,6.17,5.35,0.00848,True
bulb,12/6/2025,7,34.69,6.68,6.9,0.0065,True
bulb,12/6/2025,8,41.08,6.83,5.99,0.01381,True
bulb,12/6/2025,9,36.0,6.81,5.24,0.00823,True
bulb,12/6/2025,10,33.8,6.7,7.1,0.00492,True
bulb,12/6/2025,11,41.61,6.82,7.93,0.01121,True
bulb,12/6/2025,12,32.38,6.68,8.59,0.00652,True
bulb,12/6/2025,13,33.82,5.92,8.66,0.01388,True
bulb,12/6/2025,14,41.64,6.45,7.2,0.00968,True
bulb,12/6/2025,15,41.33,6.11,5.03,0.01207,True
bulb,12/6/2025,16,32.98,6.5,8.29,0.0045,True
bulb,12/6/2025,17,37.2,6.83,5.5,0.01105,True
bulb,12/6/2025,18,38.94,6.86,8.58,0.01193,True
bulb,12/6/2025,19,39.38,6.58,8.02,0.0127,True
bulb,12/6/2025,20,32.97,6.79,6.99,0.01008,True
bulb,12/6/2025,21,35.65,6.54,5.79,0.00641,True
bulb,12/6/2025,22,40.18,6.36,6.84,0.00987,True
bulb,12/6/2025,23,35.99,6.48,6.94,0.00992,True
bulb,12/5/2025,0,32.37,6.5,7.0,0.01037,True
bulb,12/5/2025,1,37.88,6.61,8.34,0.00742,True
bulb,12/5/2025,2,40.58,6.87,5.41,0.00649,True
bulb,12/5/2025,3,38.65,6.23,6.27,0.00572,True
bulb,12/5/2025,4,34.05,6.03,7.35,0.00959,True
bulb,12/5/2025,5,38.07,6.68,6.82,0.00597,True
bulb,12/5/2025,6,41.41,6.51,7.53,0.01094,True
bulb,12/5/2025,7,36.89,6.6,5.35,0.01175,True
bulb,12/5/2025,8,33.61,6.59,6.81,0.0096,True
bulb,12/5/2025,9,34.03,6.2,6.44,0.0095,True
bulb,12/5/2025,10,38.6,6.48,8.12,0.00501,True
bulb,12/5/2025,11,41.4,6.8,5.76,0.00831,True
bulb,12/5/2025,12,38.54,6.52,7.74,0.01132,True
bulb,12/5/2025,13,38.89,6.56,7.89,0.00845,True
bulb,12/5/2025,14,37.81,6.81,6.39,0.00897,True
bulb,12/5/2025,15,36.06,6.81,7.56,0.0106,True
bulb,12/5/2025,16,32.36,6.38,7.53,0.01057,True
bulb,12/5/2025,17,33.74,6.78,5.2,0.00592,True
bulb,12/5/2025,18,41.72,6.67,7.19,0.00431,True
bulb,12/5/2025,19,38.64,5.95,6.06,0.01289,True
bulb,12/5/2025,20,37.0,6.05,7.48,0.01205,True
bulb,12/5/2025,21,32.39,6.13,7.93,0.00831,True
bulb,12/5/2025,22,42.14,6.06,7.07,0.00867,True
bulb,12/5/2025,23,41.73,5.9,5.38,0.01014,True
bulb,12/4/2025,0,33.43,5.98,5.16,0.00521,True
bulb,12/4/2025,1,36.45,6.34,4.99,0.01144,True
bulb,12/4/2025,2,35.66,6.21,7.28,0.01173,True
bulb,12/4/2025,3,40.51,6.07,8.79,0.0048,True
bulb,12/4/2025,4,32.56,6.28,7.27,0.01045,True
bulb,12/4/2025,5,35.09,5.99,5.25,0.00662,True
bulb,12/4/2025,6,40.07,6.46,7.6,0.00869,True
bulb,12/4/2025,7,32.89,6.78,5.74,0.01322,True
bulb,12/4/2025,8,34.42,6.2,6.69,0.00802,True
bulb,12/4/2025,9,39.26,6.34,8.71,0.00443,True
bulb,12/4/2025,10,39.05,5.96,7.14,0.01163,True
bulb,12/4/2025,11,36.56,6.76,7.77,0.009,True
bulb,12/4/2025,12,42.04,6.76,6.71,0.00469,True
bulb,12/4/2025,13,41.17,6.43,7.62,0.01185,True
bulb,12/4/2025,14,35.86,6.39,8.51,0.00758,True
bulb,12/4/2025,15,40.8,6.73,6.67,0.00986,True
bulb,12/4/2025,16,41.33,6.06,8.13,0.00512,True
bulb,12/4/2025,17,38.34,6.77,5.77,0.01292,True
bulb,12/4/2025,18,40.4,6.74,5.12,0.01241,True
bulb,12/4/2025,19,41.67,6.66,7.15,0.00451,True
bulb,12/4/2025,20,37.17,6.16,6.29,0.00549,True
bulb,12/4/2025,21,33.76,6.38,8.15,0.01085,True
bulb,12/4/2025,22,41.34,6.15,6.19,0.01008,True
bulb,12/4/2025,23,36.78,6.41,6.68,0.01142,True
bulb,12/3/2025,0,35.89,6.85,7.66,0.0116,True
bulb,12/3/2025,1,39.76,6.78,7.11,0.01194,True
bulb,12/3/2025,2,37.3,6.53,6.31,0.01196,True
bulb,12/3/2025,3,41.12,6.75,8.62,0.01022,True
bulb,12/3/2025,4,35.85,6.21,7.25,0.00574,True
bulb,12/3/2025,5,34.21,6.57,8.24,0.0128,True
bulb,12/3/2025,6,32.35,6.73,6.59,0.00711,True
bulb,12/3/2025,7,41.78,6.36,7.51,0.01297,True
bulb,12/3/2025,8,35.96,6.71,8.2,0.00468,True
bulb,12/3/2025,9,35.91,6.35,5.75,0.01262,True
bulb,12/3/2025,10,41.76,6.23,7.35,0.00562,True
bulb,12/3/2025,11,37.6,6.27,6.21,0.00482,True
bulb,12/3/2025,12,32.75,6.13,8.13,0.00423,True
bulb,12/3/2025,13,40.23,6.47,6.02,0.00846,True
bulb,12/3/2025,14,36.57,6.66,5.87,0.00514,True
bulb,12/3/2025,15,34.02,6.51,7.64,0.00881,True
bulb,12/3/2025,16,32.43,6.59,6.41,0.00514,True
bulb,12/3/2025,17,37.79,6.57,5.6,0.00989,True
bulb,12/3/2025,18,32.82,5.97,7.77,0.00885,True
bulb,12/3/2025,19,41.78,6.69,8.79,0.01139,True
bulb,12/3/2025,20,39.73,6.54,6.56,0.01116,True
bulb,12/3/2025,21,33.58,6.22,7.09,0.01396,True
bulb,12/3/2025,22,40.79,6.33,6.62,0.01277,True
bulb,12/3/2025,23,37.27,6.01,8.1,0.00845,True
bulb,12/2/2025,0,32.85,6.64,8.93,0.00439,True
bulb,12/2/2025,1,35.59,5.93,6.8,0.00611,True
bulb,12/2/2025,2,41.26,6.82,5.43,0.01325,True
bulb,12/2/2025,3,33.99,6.58,6.56,0.01031,True
bulb,12/2/2025,4,37.41,6.8,6.21,0.00933,True
bulb,12/2/2025,5,36.8,6.49,6.83,0.0053,True
bulb,12/2/2025,6,38.61,6.24,4.99,0.0057,True
bulb,12/2/2025,7,39.47,6.46,6.63,0.00996,True
bulb,12/2/2025,8,34.83,6.66,6.65,0.0099,True
bulb,12/2/2025,9,36.62,5.99,8.77,0.00498,True
bulb,12/2/2025,10,32.71,6.71,5.47,0.00874,True
bulb,12/2/2025,11,39.23,6.15,7.48,0.01004,True
bulb,12/2/2025,12,36.19,5.95,8.56,0.01064,True
bulb,12/2/2025,13,37.25,6.48,8.46,0.01035,True
bulb,12/2/2025,14,33.79,6.34,6.29,0.01197,True
bulb,12/2/2025,15,39.76,6.54,6.28,0.00851,True
bulb,12/2/2025,16,36.37,6.09,8.75,0.00484,True
bulb,12/2/2025,17,33.55,6.08,7.81,0.00713,True
bulb,12/2/2025,18,39.63,6.56,5.84,0.01002,True
bulb,12/2/2025,19,41.73,6.17,6.95,0.00905,True
bulb,12/2/2025,20,39.28,6.4,8.73,0.01076,True
bulb,12/2/2025,21,37.19,6.17,6.37,0.0046,True
bulb,12/2/2025,22,38.77,6.55,6.43,0.01314,True
bulb,12/2/2025,23,38.8,6.23,8.1,0.01063,True
bulb,12/1/2025,0,36.02,6.05,7.79,0.00601,True
bulb,12/1/2025,1,40.22,6.49,7.99,0.00905,True
bulb,12/1/2025,2,39.63,5.91,5.88,0.00824,True
bulb,12/1/2025,3,36.64,6.54,6.87,0.00678,True
bulb,12/1/2025,4,39.16,6.08,8.94,0.00749,True
bulb,12/1/2025,5,38.13,6.23,8.01,0.01283,True
bulb,12/1/2025,6,41.7,6.87,6.71,0.00593,True
bulb,12/1/2025,7,35.94,6.32,5.48,0.00632,True
bulb,12/1/2025,8,41.12,6.24,5.68,0.01206,True
bulb,12/1/2025,9,41.45,6.33,6.28,0.00522,True
bulb,12/1/2025,10,39.59,6.53,7.8,0.01041,True
bulb,12/1/2025,11,41.87,6.53,6.28,0.01014,True
bulb,12/1/2025,12,34.55,6.64,7.61,0.00593,True
bulb,12/1/2025,13,38.1,6.71,7.92,0.00758,True
bulb,12/1/2025,14,40.18,6.21,5.07,0.01327,True
bulb,12/1/2025,15,38.08,6.64,8.65,0.00716,True
bulb,12/1/2025,16,39.89,6.5,5.27,0.0128,True
bulb,12/1/2025,17,32.83,6.17,6.68,0.00997,True
bulb,12/1/2025,18,40.15,6.21,7.68,0.00934,True
bulb,12/1/2025,19,37.51,6.64,8.4,0.00671,True
bulb,12/1/2025,20,41.64,5.91,8.5,0.00626,True
bulb,12/1/2025,21,41.52,6.87,6.2,0.01058,True
bulb,12/1/2025,22,36.98,6.52,8.93,0.00471,True
bulb,12/1/2025,23,34.79,6.31,7.59,0.01396,True
bulb,11/30/2025,0,35.88,5.99,8.23,0.0082,True
bulb,11/30/2025,1,34.91,6.31,5.76,0.0094,True
bulb,11/30/2025,2,35.21,6.09,6.29,0.0083,True
bulb,11/30/2025,3,40.03,6.18,8.14,0.00746,True
bulb,11/30/2025,4,38.76,6.74,7.47,0.00857,True
bulb,11/30/2025,5,34.43,6.21,7.35,0.00825,True
bulb,11/30/2025,6,41.31,6.86,6.86,0.01383,True
bulb,11/30/2025,7,39.06,5.92,5.76,0.00468,True
bulb,11/30/2025,8,36.86,6.04,6.74,0.00669,True
bulb,11/30/2025,9,41.8,5.94,5.96,0.01064,True
bulb,11/30/2025,10,34.63,5.99,8.56,0.00528,True
bulb,11/30/2025,11,35.09,6.45,7.33,0.0055,True
bulb,11/30/2025,12,34.85,5.97,6.74,0.01221,True
bulb,11/30/2025,13,40.07,6.4,7.81,0.00912,True
bulb,11/30/2025,14,33.01,6.73,5.32,0.0076,True
bulb,11/30/2025,15,34.49,6.22,8.02,0.0054,True
bulb,11/30/2025,16,33.56,6.27,6.34,0.00605,True
bulb,11/30/2025,17,34.77,6.34,5.48,0.00783,True
bulb,11/30/2025,18,35.11,6.6,7.32,0.01002,True
bulb,11/30/2025,19,34.55,6.38,7.92,0.00637,True
bulb,11/30/2025,20,39.27,6.76,6.37,0.00522,True
bulb,11/30/2025,21,40.77,6.09,7.89,0.00694,True
bulb,11/30/2025,22,37.14,6.77,8.93,0.00545,True
bulb,11/30/2025,23,40.99,6.19,7.39,0.01189,True
bulb,11/29/2025,0,39.01,6.71,8.62,0.00542,True
bulb,11/29/2025,1,37.37,6.74,8.11,0.01019,True
bulb,11/29/2025,2,38.61,5.97,8.92,0.00901,True
bulb,11/29/2025,3,38.42,6.21,7.66,0.00414,True
bulb,11/29/2025,4,33.74,6.53,7.67,0.01247,True
bulb,11/29/2025,5,39.48,6.23,7.35,0.01252,True
bulb,11/29/2025,6,34.74,6.55,6.8,0.00561,True
bulb,11/29/2025,7,39.99,6.0,7.41,0.00647,True
bulb,11/29/2025,8,37.07,6.01,8.67,0.00805,True
bulb,11/29/2025,9,42.25,6.59,5.85,0.00468,True
bulb,11/29/2025,10,38.73,6.81,8.2,0.00745,True
bulb,11/29/2025,11,34.27,6.71,6.86,0.00439,True
bulb,11/29/2025,12,33.25,6.76,6.44,0.00997,True
bulb,11/29/2025,13,39.35,6.53,6.17,0.01087,True
bulb,11/29/2025,14,37.18,6.68,6.89,0.00735,True
bulb,11/29/2025,15,33.67,5.96,8.38,0.00737,True
bulb,11/29/2025,16,41.57,6.1,8.41,0.01297,True
bulb,11/29/2025,17,35.07,6.58,5.07,0.00734,True
bulb,11/29/2025,18,35.43,5.92,6.31,0.00504,True
bulb,11/29/2025,19,41.19,6.75,5.52,0.01049,True
bulb,11/29/2025,20,32.81,6.51,8.86,0.01365,True
bulb,11/29/2025,21,34.82,6.13,5.39,0.00913,True
bulb,11/29/2025,22,32.92,5.95,8.25,0.01104,True
bulb,11/29/2025,23,41.74,6.12,5.05,0.01077,True
bulb,11/28/2025,0,37.82,6.28,6.12,0.0118,True
bulb,11/28/2025,1,40.45,6.89,8.8,0.00926,True
bulb,11/28/2025,2,34.27,6.69,8.8,0.00574,True
bulb,11/28/2025,3,39.49,6.27,6.22,0.0064,True
bulb,11/28/2025,4,32.47,6.5,7.16,0.00704,True
bulb,11/28/2025,5,33.7,6.56,5.4,0.00902,True
bulb,11/28/2025,6,33.8,5.96,7.05,0.00596,True
bulb,11/28/2025,7,36.95,6.7,6.51,0.01382,True
bulb,11/28/2025,8,40.44,6.36,8.91,0.00548,True
bulb,11/28/2025,9,32.41,6.13,5.33,0.011,True
bulb,11/28/2025,10,34.26,6.58,8.64,0.01339,True
bulb,11/28/2025,11,34.98,6.21,8.48,0.00871,True
bulb,11/28/2025,12,40.85,6.32,8.2,0.0051,True
bulb,11/28/2025,13,33.56,6.66,5.85,0.00961,True
bulb,11/28/2025,14,36.95,6.7,4.97,0.00738,True
bulb,11/28/2025,15,36.6,6.08,5.13,0.01368,True
bulb,11/28/2025,16,39.23,6.8,7.53,0.00754,True
bulb,11/28/2025,17,33.55,6.28,7.66,0.00912,True
bulb,11/28/2025,18,40.13,6.86,8.65,0.01076,True
bulb,11/28/2025,19,37.92,6.23,5.09,0.01046,True
bulb,11/28/2025,20,38.51,5.93,5.6,0.0072,True
bulb,11/28/2025,21,40.69,6.51,6.94,0.01228,True
bulb,11/28/2025,22,37.92,6.13,6.97,0.00924,True
bulb,11/28/2025,23,37.23,6.73,7.01,0.0119,True
bulb,11/27/2025,0,34.32,6.78,6.81,0.00621,True
bulb,11/27/2025,1,39.91,6.58,6.54,0.00854,True
bulb,11/27/2025,2,41.64,6.25,8.52,0.01051,True
bulb,11/27/2025,3,40.33,6.31,6.57,0.01062,True
bulb,11/27/2025,4,41.1,6.51,8.44,0.00607,True
bulb,11/27/2025,5,35.83,6.77,6.62,0.0099,True
bulb,11/27/2025,6,39.48,6.25,6.4,0.01017,True
bulb,11/27/2025,7,37.75,6.43,8.47,0.00807,True
bulb,11/27/2025,8,41.93,6.2,4.98,0.0043,True
bulb,11/27/2025,9,37.38,6.43,7.62,0.0136,True
bulb,11/27/2025,10,39.27,6.73,8.22,0.00713,True
bulb,11/27/2025,11,42.04,6.73,7.46,0.00448,True
bulb,11/27/2025,12,37.71,6.13,6.63,0.01316,True
bulb,11/27/2025,13,38.38,6.8,7.02,0.007,True
bulb,11/27/2025,14,40.83,6.53,6.75,0.01079,True
bulb,11/27/2025,15,39.4,6.35,7.57,0.013,True
bulb,11/27/2025,16,34.49,6.35,6.5,0.01006,True
bulb,11/27/2025,17,34.03,6.86,5.23,0.00456,True
bulb,11/27/2025,18,37.13,6.41,8.66,0.01092,True
bulb,11/27/2025,19,40.69,6.59,6.88,0.01091,True
bulb,11/27/2025,20,39.9,6.75,8.05,0.00847,True
bulb,11/27/2025,21,34.32,6.06,8.91,0.01285,True
bulb,11/27/2025,22,36.83,5.96,7.36,0.0098,True
bulb,11/27/2025,23,37.37,6.23,7.56,0.01335,True
bulb,11/26/2025,0,38.95,6.84,6.9,0.0055,True
bulb,11/26/2025,1,36.44,6.59,7.91,0.00847,True
bulb,11/26/2025,2,40.46,6.85,8.59,0.00709,True
bulb,11/26/2025,3,37.43,5.98,8.37,0.01102,True
bulb,11/26/2025,4,37.82,6.64,7.98,0.00627,True
bulb,11/26/2025,5,41.1,6.29,7.3,0.0076,True
bulb,11/26/2025,6,35.75,5.9,8.46,0.01142,True
bulb,11/26/2025,7,33.19,6.58,8.54,0.00545,True
bulb,11/26/2025,8,40.22,6.64,5.97,0.0087,True
bulb,11/26/2025,9,33.73,5.98,8.5,0.01342,True
bulb,11/26/2025,10,32.48,6.64,5.43,0.00975,True
bulb,11/26/2025,11,41.46,5.9,6.2,0.00924,True
bulb,11/26/2025,12,33.5,6.32,7.37,0.00417,True
bulb,11/26/2025,13,38.52,5.94,6.88,0.00697,True
bulb,11/26/2025,14,36.78,6.59,6.58,0.00696,True
bulb,11/26/2025,15,33.43,6.53,7.8,0.01383,True
bulb,11/26/2025,16,35.07,6.35,8.8,0.00697,True
bulb,11/26/2025,17,37.16,5.9,7.63,0.00862,True
bulb,11/26/2025,18,40.68,6.7,8.01,0.0127,True
bulb,11/26/2025,19,38.65,6.71,5.65,0.01175,True
bulb,11/26/2025,20,38.18,5.91,6.17,0.00532,True
bulb,11/26/2025,21,37.37,5.98,6.43,0.00917,True
bulb,11/26/2025,22,41.28,5.91,8.35,0.00604,True
bulb,11/26/2025,23,33.84,6.16,5.86,0.00478,True
bulb,11/25/2025,0,41.47,6.37,7.39,0.0138,True
bulb,11/25/2025,1,34.0,6.16,7.06,0.00629,True
bulb,11/25/2025,2,36.97,6.04,6.73,0.00488,True
bulb,11/25/2025,3,39.19,6.51,8.35,0.00927,True
bulb,11/25/2025,4,39.16,6.77,8.21,0.00769,True
bulb,11/25/2025,5,38.6,6.62,7.78,0.01098,True
bulb,11/25/2025,6,40.95,6.83,6.39,0.00436,True
bulb,11/25/2025,7,36.3,6.56,6.27,0.008,True
bulb,11/25/2025,8,36.97,6.82,8.24,0.01037,True
bulb,11/25/2025,9,40.05,6.12,6.84,0.00893,True
bulb,11/25/2025,10,40.1,6.14,5.34,0.01057,True
bulb,11/25/2025,11,38.32,6.27,8.85,0.0046,True
bulb,11/25/2025,12,37.56,6.35,7.18,0.00811,True
bulb,11/25/2025,13,41.36,6.25,6.75,0.00585,True
bulb,11/25/2025,14,40.64,6.81,6.49,0.00949,True
bulb,11/25/2025,15,40.54,6.24,7.1,0.0103,True
bulb,11/25/2025,16,38.8,6.54,6.3,0.01146,True
bulb,11/25/2025,17,34.85,6.74,8.89,0.01289,True
bulb,11/25/2025,18,38.91,6.68,5.17,0.00806,True
bulb,11/25/2025,19,37.28,6.2,6.37,0.01278,True
bulb,11/25/2025,20,42.05,6.17,7.16,0.00427,True
bulb,11/25/2025,21,39.69,6.8,6.25,0.01282,True
bulb,11/25/2025,22,36.38,6.35,5.64,0.01019,True
bulb,11/25/2025,23,36.98,6.86,6.63,0.00903,True
bulb,11/24/2025,0,41.54,6.42,7.75,0.01234,True
bulb,11/24/2025,1,40.12,6.43,7.74,0.01345,True
bulb,11/24/2025,2,40.29,6.73,7.38,0.00917,True
bulb,11/24/2025,3,38.73,5.94,6.05,0.00475,True
bulb,11/24/2025,4,39.76,6.87,8.13,0.00807,True
bulb,11/24/2025,5,42.25,6.36,7.43,0.01296,True
bulb,11/24/2025,6,35.73,6.69,8.05,0.00991,True
bulb,11/24/2025,7,34.37,6.79,7.39,0.01387,True
bulb,11/24/2025,8,41.67,6.43,5.25,0.00545,True
bulb,11/24/2025,9,36.01,6.62,5.92,0.01333,True
bulb,11/24/2025,10,38.81,6.18,5.54,0.00706,True
bulb,11/24/2025,11,41.62,6.58,7.79,0.01246,True
bulb,11/24/2025,12,42.05,6.28,7.94,0.01025,True
bulb,11/24/2025,13,41.17,6.78,7.32,0.01077,True
bulb,11/24/2025,14,33.21,5.91,6.45,0.01167,True
bulb,11/24/2025,15,41.8,6.56,6.58,0.01027,True
bulb,11/24/2025,16,34.26,6.68,7.34,0.01241,True
bulb,11/24/2025,17,34.93,6.75,8.74,0.008,True
bulb,11/24/2025,18,42.03,6.03,5.52,0.00928,True
bulb,11/24/2025,19,34.1,6.34,5.24,0.01384,True
bulb,11/24/2025,20,41.17,6.31,6.19,0.01071,True
bulb,11/24/2025,21,36.81,6.71,5.39,0.01287,True
bulb,11/24/2025,22,35.66,5.98,6.77,0.00681,True
bulb,11/24/2025,23,41.83,6.69,6.29,0.00506,True
bulb,11/23/2025,0,37.2,6.71,7.76,0.00989,True
bulb,11/23/2025,1,37.71,6.4,6.17,0.01206,True
bulb,11/23/2025,2,35.73,5.96,7.59,0.0088,True
bulb,11/23/2025,3,39.84,6.56,5.56,0.00766,True
bulb,11/23/2025,4,32.82,6.39,8.83,0.01294,True
bulb,11/23/2025,5,35.43,6.24,5.3,0.00795,True
bulb,11/23/2025,6,35.39,6.23,7.24,0.0108,True
bulb,11/23/2025,7,37.31,6.3,8.1,0.01346,True
bulb,11/23/2025,8,41.44,6.72,5.17,0.00464,True
bulb,11/23/2025,9,36.45,6.26,7.71,0.00813,True
bulb,11/23/2025,10,38.76,6.4,6.4,0.01143,True
bulb,11/23/2025,11,37.38,6.46,6.4,0.0115,True
bulb,11/23/2025,12,38.4,6.63,8.2,0.00914,True
bulb,11/23/2025,13,35.78,6.55,5.39,0.01315,True
bulb,11/23/2025,14,34.71,6.52,6.93,0.01219,True
bulb,11/23/2025,15,39.44,6.65,8.5,0.00538,True
bulb,11/23/2025,16,34.95,6.47,6.52,0.01126,True
bulb,11/23/2025,17,36.55,6.15,8.44,0.00682,True
bulb,11/23/2025,18,41.33,6.29,6.24,0.00976,True
bulb,11/23/2025,19,37.62,6.38,8.64,0.00725,True
bulb,11/23/2025,20,36.34,6.77,8.71,0.00711,True
bulb,11/23/2025,21,39.28,6.36,5.37,0.01153,True
bulb,11/23/2025,22,36.9,6.09,5.37,0.00518,True
bulb,11/23/2025,23,40.14,6.05,8.14,0.00761,True
bulb,11/22/2025,0,36.84,6.02,7.02,0.01361,True
bulb,11/22/2025,1,39.57,6.44,7.58,0.01117,True
bulb,11/22/2025,2,40.75,6.54,7.24,0.00736,True
bulb,11/22/2025,3,35.17,6.47,8.14,0.01078,True
bulb,11/22/2025,4,38.05,6.77,5.07,0.01361,True
bulb,11/22/2025,5,38.27,6.62,8.05,0.00539,True
bulb,11/22/2025,6,34.13,6.17,6.28,0.00904,True
bulb,11/22/2025,7,40.58,6.1,5.94,0.00822,True
bulb,11/22/2025,8,33.55,6.52,5.56,0.01302,True
bulb,11/22/2025,9,38.65,6.21,5.4,0.00819,True
bulb,11/22/2025,10,39.44,6.87,6.71,0.0042,True
bulb,11/22/2025,11,32.6,6.02,8.81,0.00532,True
bulb,11/22/2025,12,42.13,6.63,8.87,0.00875,True
bulb,11/22/2025,13,37.73,5.94,7.49,0.00875,True
bulb,11/22/2025,14,38.57,6.74,7.8,0.01224,True
bulb,11/22/2025,15,39.43,5.91,5.77,0.01193,True
bulb,11/22/2025,16,35.91,6.2,6.64,0.01233,True
bulb,11/22/2025,17,35.51,6.04,7.46,0.00459,True
bulb,11/22/2025,18,38.27,6.58,7.11,0.00699,True
bulb,11/22/2025,19,40.48,6.74,7.74,0.01177,True
bulb,11/22/2025,20,40.59,6.87,7.24,0.01285,True
bulb,11/22/2025,21,33.32,6.46,7.25,0.0121,True
bulb,11/22/2025,22,35.54,6.82,5.39,0.01251,True
bulb,11/22/2025,23,41.48,6.42,7.29,0.00654,True
bulb,11/21/2025,0,35.36,6.12,8.81,0.01186,True
bulb,11/21/2025,1,38.62,6.42,6.04,0.00504,True
bulb,11/21/2025,2,40.37,6.11,6.28,0.00915,True
bulb,11/21/2025,3,41.7,6.34,7.8,0.00516,True
bulb,11/21/2025,4,40.59,6.04,6.6,0.00471,True
bulb,11/21/2025,5,36.18,6.16,6.09,0.0091,True
bulb,11/21/2025,6,41.73,6.75,8.36,0.01014,True
bulb,11/21/2025,7,38.7,6.25,5.19,0.00636,True
bulb,11/21/2025,8,36.94,6.39,6.24,0.00462,True
bulb,11/21/2025,9,37.98,5.97,5.62,0.00798,True
bulb,11/21/2025,10,37.07,6.2,6.3,0.01126,True
bulb,11/21/2025,11,33.23,6.34,5.96,0.00828,True
bulb,11/21/2025,12,39.51,6.46,6.93,0.00486,True
bulb,11/21/2025,13,38.28,6.1,6.97,0.00663,True
bulb,11/21/2025,14,41.75,6.06,5.99,0.00475,True
bulb,11/21/2025,15,33.54,5.95,8.01,0.00618,True
bulb,11/21/2025,16,38.03,6.39,5.75,0.00978,True
bulb,11/21/2025,17,35.5,6.87,7.45,0.00665,True
bulb,11/21/2025,18,35.82,6.62,6.21,0.00488,True
bulb,11/21/2025,19,41.45,6.86,7.38,0.00935,True
bulb,11/21/2025,20,41.21,6.27,6.91,0.0085,True
bulb,11/21/2025,21,39.73,6.09,8.54,0.00476,True
bulb,11/21/2025,22,36.66,6.61,6.11,0.01365,True
bulb,11/21/2025,23,41.58,6.42,8.3,0.01317,True
bulb,11/20/2025,0,32.92,6.11,7.34,0.00595,True
bulb,11/20/2025,1,41.56,5.91,6.88,0.00876,True
bulb,11/20/2025,2,38.92,6.37,6.0,0.00752,True
bulb,11/20/2025,3,33.66,6.23,6.97,0.00664,True
bulb,11/20/2025,4,34.61,6.47,5.13,0.00834,True
bulb,11/20/2025,5,40.91,6.21,5.27,0.0044,True
bulb,11/20/2025,6,33.91,6.34,5.04,0.01241,True
bulb,11/20/2025,7,39.22,6.0,6.75,0.00667,True
bulb,11/20/2025,8,32.53,6.43,6.37,0.01226,True
bulb,11/20/2025,9,37.23,6.41,7.01,0.01019,True
bulb,11/20/2025,10,37.02,6.14,6.46,0.01351,True
bulb,11/20/2025,11,36.72,6.32,7.42,0.00566,True
bulb,11/20/2025,12,36.88,6.58,5.69,0.00528,True
bulb,11/20/2025,13,37.53,6.02,6.65,0.014,True
bulb,11/20/2025,14,33.24,6.62,6.86,0.00449,True
bulb,11/20/2025,15,37.15,6.84,7.6,0.01254,True
bulb,11/20/2025,16,40.98,6.54,6.38,0.00722,True
bulb,11/20/2025,17,33.91,6.61,8.21,0.00756,True
bulb,11/20/2025,18,38.03,6.63,7.91,0.00844,True
bulb,11/20/2025,19,33.26,6.23,7.9,0.01387,True
bulb,11/20/2025,20,36.63,6.8,5.8,0.00743,True
bulb,11/20/2025,21,35.61,6.79,8.22,0.01102,True
bulb,11/20/2025,22,40.13,6.58,8.59,0.00763,True
bulb,11/20/2025,23,40.5,5.98,8.29,0.01204,True
bulb,11/19/2025,0,41.91,6.15,5.69,0.00748,True
bulb,11/19/2025,1,42.22,6.19,7.27,0.00625,True
bulb,11/19/2025,2,40.68,6.4,6.3,0.00423,True
bulb,11/19/2025,3,38.36,6.4,5.56,0.00678,True
bulb,11/19/2025,4,34.94,6.22,6.42,0.0111,True
bulb,11/19/2025,5,33.6,6.11,6.26,0.00625,True
bulb,11/19/2025,6,36.75,6.88,6.78,0.01359,True
bulb,11/19/2025,7,38.62,6.28,7.95,0.01051,True
bulb,11/19/2025,8,40.22,6.38,5.92,0.00905,True
bulb,11/19/2025,9,32.41,6.66,8.35,0.01203,True
bulb,11/19/2025,10,36.48,5.97,7.17,0.01214,True
bulb,11/19/2025,11,41.55,6.19,7.12,0.01055,True
bulb,11/19/2025,12,40.07,6.39,5.92,0.01175,True
bulb,11/19/2025,13,40.17,6.85,5.26,0.00879,True
bulb,11/19/2025,14,39.15,6.12,8.34,0.00508,True
bulb,11/19/2025,15,41.21,6.21,5.46,0.00728,True
bulb,11/19/2025,16,38.05,6.14,7.53,0.01304,True
bulb,11/19/2025,17,36.08,6.35,6.14,0.00624,True
bulb,11/19/2025,18,41.44,6.83,5.84,0.00787,True
bulb,11/19/2025,19,37.31,6.33,6.1,0.00856,True
bulb,11/19/2025,20,37.55,6.24,5.47,0.006,True
bulb,11/19/2025,21,34.63,6.4,6.3,0.00771,True
bulb,11/19/2025,22,37.59,6.1,6.04,0.00873,True
bulb,11/19/2025,23,33.14,6.57,6.78,0.00437,True
bulb,11/18/2025,0,32.48,6.07,6.78,0.00557,True
bulb,11/18/2025,1,33.12,6.71,6.51,0.01399,True
bulb,11/18/2025,2,33.65,6.68,8.09,0.0121,True
bulb,11/18/2025,3,41.25,6.21,8.32,0.00936,True
bulb,11/18/2025,4,41.79,5.92,5.82,0.01211,True
bulb,11/18/2025,5,37.96,6.04,8.78,0.00585,True
bulb,11/18/2025,6,40.93,6.59,7.89,0.01054,True
bulb,11/18/2025,7,34.48,6.63,7.36,0.00834,True
bulb,11/18/2025,8,35.32,6.48,6.58,0.01322,True
bulb,11/18/2025,9,34.32,6.3,7.09,0.00768,True
bulb,11/18/2025,10,39.31,6.08,7.25,0.01045,True
bulb,11/18/2025,11,41.54,6.63,7.53,0.01325,True
bulb,11/18/2025,12,40.95,6.71,5.42,0.01307,True
bulb,11/18/2025,13,32.62,6.58,6.65,0.01029,True
bulb,11/18/2025,14,39.34,6.55,7.46,0.01071,True
bulb,11/18/2025,15,37.73,6.28,7.27,0.00663,True
bulb,11/18/2025,16,35.16,6.15,6.43,0.00628,True
bulb,11/18/2025,17,39.9,6.56,6.65,0.00815,True
bulb,11/18/2025,18,35.95,6.74,6.31,0.00918,True
bulb,11/18/2025,19,41.95,6.52,6.47,0.01318,True
bulb,11/18/2025,20,32.43,6.53,8.72,0.00474,True
bulb,11/18/2025,21,38.98,6.53,7.84,0.01336,True
bulb,11/18/2025,22,38.99,5.91,7.18,0.00482,True
bulb,11/18/2025,23,32.44,6.43,7.19,0.00808,True
bulb,11/17/2025,0,36.12,6.82,8.0,0.01285,True
bulb,11/17/2025,1,37.05,6.52,5.64,0.01213,True
bulb,11/17/2025,2,41.63,6.24,7.05,0.00819,True
bulb,11/17/2025,3,37.13,6.43,6.72,0.01041,True
bulb,11/17/2025,4,32.64,6.67,6.92,0.00553,True
bulb,11/17/2025,5,33.97,6.66,7.37,0.0092,True
bulb,11/17/2025,6,40.46,6.67,8.45,0.01087,True
bulb,11/17/2025,7,37.35,6.45,7.53,0.00503,True
bulb,11/17/2025,8,40.83,6.57,6.94,0.0086,True
bulb,11/17/2025,9,33.8,6.15,8.79,0.00489,True
bulb,11/17/2025,10,34.36,6.42,6.07,0.01232,True
bulb,11/17/2025,11,41.91,6.58,6.48,0.00864,True
bulb,11/17/2025,12,37.52,6.51,5.72,0.0041,True
bulb,11/17/2025,13,35.14,6.59,5.64,0.00463,True
bulb,11/17/2025,14,33.07,6.12,7.92,0.00675,True
bulb,11/17/2025,15,39.7,6.1,5.41,0.01205,True
bulb,11/17/2025,16,39.72,6.0,7.69,0.00754,True
bulb,11/17/2025,17,40.15,6.61,7.45,0.00947,True
bulb,11/17/2025,18,40.72,6.2,6.55,0.01084,True
bulb,11/17/2025,19,35.48,6.29,8.39,0.00736,True
bulb,11/17/2025,20,37.42,6.75,5.72,0.01158,True
bulb,11/17/2025,21,37.42,6.84,7.34,0.00511,True
bulb,11/17/2025,22,35.22,6.04,7.02,0.01111,True
bulb,11/17/2025,23,38.29,6.09,7.51,0.00957,True
bulb,11/16/2025,0,41.53,6.14,5.79,0.00437,True
bulb,11/16/2025,1,37.53,5.93,7.29,0.01177,True
bulb,11/16/2025,2,39.11,5.95,8.88,0.00406,True
bulb,11/16/2025,3,36.08,6.11,7.46,0.00549,True
bulb,11/16/2025,4,35.01,6.27,5.4,0.00959,True
bulb,11/16/2025,5,33.05,6.17,5.48,0.00903,True
bulb,11/16/2025,6,36.11,5.99,5.15,0.01217,True
bulb,11/16/2025,7,39.37,5.91,8.15,0.00875,True
bulb,11/16/2025,8,41.15,6.47,8.34,0.0047,True
bulb,11/16/2025,9,36.11,5.97,7.81,0.00574,True
bulb,11/16/2025,10,35.11,6.65,7.33,0.00866,True
bulb,11/16/2025,11,36.68,6.09,5.3,0.01245,True
bulb,11/16/2025,12,32.46,6.65,5.57,0.00906,True
bulb,11/16/2025,13,33.04,6.19,7.73,0.01345,True
bulb,11/16/2025,14,39.7,6.25,7.92,0.01194,True
bulb,11/16/2025,15,40.42,6.81,8.84,0.00412,True
bulb,11/16/2025,16,40.79,6.08,6.82,0.00622,True
bulb,11/16/2025,17,41.2,6.45,8.35,0.00485,True
bulb,11/16/2025,18,37.94,5.94,5.19,0.01177,True
bulb,11/16/2025,19,41.65,6.34,7.73,0.00558,True
bulb,11/16/2025,20,33.15,6.4,5.71,0.00981,True
bulb,11/16/2025,21,32.57,6.17,5.93,0.0091,True
bulb,11/16/2025,22,32.95,6.83,7.25,0.00905,True
bulb,11/16/2025,23,32.83,6.03,5.21,0.00818,True
bulb,11/15/2025,0,38.07,6.61,8.41,0.01179,True
bulb,11/15/2025,1,36.19,5.94,6.65,0.00673,True
bulb,11/15/2025,2,36.63,6.62,4.98,0.0057,True
bulb,11/15/2025,3,34.42,6.79,6.93,0.00554,True
bulb,11/15/2025,4,37.64,5.91,7.44,0.01011,True
bulb,11/15/2025,5,35.47,6.19,8.13,0.00918,True
bulb,11/15/2025,6,37.0,6.89,7.34,0.00973,True
bulb,11/15/2025,7,37.33,6.68,6.43,0.00612,True
bulb,11/15/2025,8,40.83,5.96,8.37,0.01372,True
bulb,11/15/2025,9,34.3,6.05,5.5,0.00698,True
bulb,11/15/2025,10,36.64,6.01,7.61,0.0085,True
bulb,11/15/2025,11,39.24,6.81,8.56,0.00862,True
bulb,11/15/2025,12,33.9,6.68,7.51,0.00897,True
bulb,11/15/2025,13,42.05,6.32,5.6,0.00792,True
bulb,11/15/2025,14,36.98,6.42,8.13,0.0042,True
bulb,11/15/2025,15,39.73,6.84,8.52,0.00486,True
bulb,11/15/2025,16,32.35,6.3,7.37,0.00715,True
bulb,11/15/2025,17,39.31,6.66,6.61,0.00423,True
bulb,11/15/2025,18,34.44,6.15,6.75,0.00524,True
bulb,11/15/2025,19,37.17,6.14,7.75,0.00605,True
bulb,11/15/2025,20,39.58,6.4,8.95,0.0053,True
bulb,11/15/2025,21,35.04,6.56,6.42,0.01277,True
bulb,11/15/2025,22,41.16,6.2,8.03,0.01112,True
bulb,11/15/2025,23,38.0,6.02,6.39,0.00438,True
bulb,11/14/2025,0,36.28,6.78,8.69,0.00845,True
bulb,11/14/2025,1,42.03,6.47,7.65,0.01008,True
bulb,11/14/2025,2,34.09,6.78,7.39,0.01183,True
bulb,11/14/2025,3,37.38,5.97,6.36,0.01337,True
bulb,11/14/2025,4,37.17,6.88,6.46,0.01206,True
bulb,11/14/2025,5,38.7,5.91,8.23,0.0063,True
bulb,11/14/2025,6,38.27,5.94,6.3,0.0117,True
bulb,11/14/2025,7,34.48,6.12,5.62,0.00521,True
bulb,11/14/2025,8,40.2,6.81,8.73,0.00933,True
bulb,11/14/2025,9,38.21,6.41,8.93,0.00561,True
bulb,11/14/2025,10,34.61,6.84,8.5,0.00481,True
bulb,11/14/2025,11,33.31,6.76,7.27,0.01039,True
bulb,11/14/2025,12,41.84,5.92,6.41,0.01004,True
bulb,11/14/2025,13,38.01,6.82,5.77,0.00451,True
bulb,11/14/2025,14,40.24,6.16,8.23,0.00943,True
bulb,11/14/2025,15,40.84,6.33,8.85,0.0062,True
bulb,11/14/2025,16,32.78,6.88,5.09,0.0136,True
bulb,11/14/2025,17,41.39,5.94,5.18,0.01023,True
bulb,11/14/2025,18,33.69,6.79,7.7,0.01347,True
bulb,11/14/2025,19,41.17,6.25,8.59,0.0125,True
bulb,11/14/2025,20,35.49,6.19,6.16,0.00802,True
bulb,11/14/2025,21,41.58,6.69,8.77,0.01044,True
bulb,11/14/2025,22,41.97,6.84,6.51,0.00617,True
bulb,11/14/2025,23,36.38,6.62,5.84,0.0047,True
bulb,11/13/2025,0,40.29,6.74,7.22,0.014,True
bulb,11/13/2025,1,32.71,6.83,7.6,0.00677,True
bulb,11/13/2025,2,32.44,6.64,8.45,0.01389,True
bulb,11/13/2025,3,32.42,6.51,8.46,0.01254,True
bulb,11/13/2025,4,38.78,6.46,8.89,0.00866,True
bulb,11/13/2025,5,38.78,6.27,5.87,0.013,True
bulb,11/13/2025,6,38.04,5.95,7.31,0.00884,True
bulb,11/13/2025,7,40.14,6.09,5.71,0.00585,True
bulb,11/13/2025,8,40.64,6.07,6.35,0.0061,True
bulb,11/13/2025,9,35.83,6.45,6.58,0.01383,True
bulb,11/13/2025,10,41.61,6.04,8.71,0.01185,True
bulb,11/13/2025,11,35.11,6.4,6.48,0.0111,True
bulb,11/13/2025,12,32.39,5.89,6.66,0.00783,True
bulb,11/13/2025,13,38.47,6.47,6.83,0.00507,True
bulb,11/13/2025,14,32.94,6.03,7.73,0.00637,True
bulb,11/13/2025,15,41.68,6.41,7.79,0.00719,True
bulb,11/13/2025,16,36.24,6.75,6.3,0.01065,True
bulb,11/13/2025,17,39.16,6.57,5.62,0.00612,True
bulb,11/13/2025,18,42.22,6.06,6.5,0.00534,True
bulb,11/13/2025,19,34.3,6.59,8.15,0.00602,True
bulb,11/13/2025,20,37.32,6.65,6.19,0.01183,True
bulb,11/13/2025,21,41.57,6.57,5.35,0.00621,True
bulb,11/13/2025,22,41.7,6.69,5.33,0.00468,True
bulb,11/13/2025,23,35.07,6.19,5.08,0.00642,True
bulb,11/12/2025,0,33.23,6.84,5.22,0.01068,True
bulb,11/12/2025,1,35.3,6.59,5.95,0.01152,True
bulb,11/12/2025,2,33.12,6.81,8.87,0.00486,True
bulb,11/12/2025,3,36.23,6.47,5.45,0.00509,True
bulb,11/12/2025,4,40.26,6.52,6.66,0.01352,True
bulb,11/12/2025,5,35.36,6.39,7.61,0.00875,True
bulb,11/12/2025,6,34.63,6.69,6.91,0.00466,True
bulb,11/12/2025,7,35.65,6.47,8.06,0.01127,True
bulb,11/12/2025,8,35.07,6.66,5.2,0.01298,True
bulb,11/12/2025,9,39.71,5.95,6.84,0.00723,True
bulb,11/12/2025,10,34.94,6.8,5.73,0.00427,True
bulb,11/12/2025,11,39.77,6.55,5.32,0.00997,True
bulb,11/12/2025,12,38.07,5.97,8.41,0.00493,True
bulb,11/12/2025,13,39.18,6.43,8.51,0.01144,True
bulb,11/12/2025,14,42.1,6.39,7.88,0.01327,True
bulb,11/12/2025,15,42.26,6.61,6.71,0.0084,True
bulb,11/12/2025,16,42.14,6.4,8.71,0.00503,True
bulb,11/12/2025,17,40.97,6.46,7.71,0.00824,True
bulb,11/12/2025,18,41.16,6.32,6.7,0.00763,True
bulb,11/12/2025,19,41.97,6.39,8.67,0.01222,True
bulb,11/12/2025,20,34.36,6.24,8.34,0.01394,True
bulb,11/12/2025,21,33.22,6.78,7.71,0.0139,True
bulb,11/12/2025,22,37.38,6.52,6.94,0.00786,True
bulb,11/12/2025,23,35.68,6.54,6.68,0.00915,True
bulb,11/11/2025,0,41.7,6.15,7.87,0.00671,True
bulb,11/11/2025,1,36.72,6.15,7.73,0.01223,True
bulb,11/11/2025,2,35.14,6.47,8.27,0.00755,True
bulb,11/11/2025,3,35.4,6.83,6.53,0.0049,True
bulb,11/11/2025,4,40.22,6.86,7.74,0.01098,True
bulb,11/11/2025,5,37.95,6.37,6.97,0.01034,True
bulb,11/11/2025,6,36.96,6.14,6.35,0.01331,True
bulb,11/11/2025,7,39.21,6.31,6.91,0.00529,True
bulb,11/11/2025,8,37.42,6.77,5.44,0.00437,True
bulb,11/11/2025,9,35.01,6.16,7.46,0.00512,True
bulb,11/11/2025,10,38.9,6.28,8.04,0.01077,True
bulb,11/11/2025,11,34.0,6.32,7.15,0.00435,True
bulb,11/11/2025,12,38.44,6.48,8.25,0.01292,True
bulb,11/11/2025,13,41.32,6.54,7.28,0.01205,True
bulb,11/11/2025,14,35.99,6.07,6.91,0.01156,True
bulb,11/11/2025,15,35.24,6.49,7.4,0.01033,True
bulb,11/11/2025,16,37.82,6.62,6.16,0.00634,True
bulb,11/11/2025,17,40.0,6.27,6.65,0.00928,True
bulb,11/11/2025,18,35.24,6.14,8.79,0.00459,True
bulb,11/11/2025,19,35.03,6.09,7.7,0.01291,True
bulb,11/11/2025,20,39.46,6.16,8.06,0.01286,True
bulb,11/11/2025,21,36.84,6.62,6.53,0.0067,True
bulb,11/11/2025,22,36.61,6.04,8.57,0.00475,True
bulb,11/11/2025,23,36.43,6.51,5.5,0.00476,True
bulb,11/10/2025,0,33.99,6.24,7.21,0.01207,True
bulb,11/10/2025,1,37.85,6.42,8.89,0.00876,True
bulb,11/10/2025,2,35.91,6.01,8.48,0.01034,True
bulb,11/10/2025,3,42.27,6.37,6.61,0.00705,True
bulb,11/10/2025,4,35.65,6.44,8.41,0.00712,True
bulb,11/10/2025,5,39.98,6.79,7.98,0.01006,True
bulb,11/10/2025,6,35.58,6.35,8.36,0.00485,True
bulb,11/10/2025,7,32.7,5.9,6.61,0.00836,True
bulb,11/10/2025,8,41.48,6.39,5.55,0.00869,True
bulb,11/10/2025,9,35.36,6.4,6.87,0.00585,True
bulb,11/10/2025,10,40.77,6.04,5.58,0.00658,True
bulb,11/10/2025,11,34.44,6.23,5.0,0.01037,True
bulb,11/10/2025,12,38.04,6.04,8.01,0.00634,True
bulb,11/10/2025,13,39.19,6.64,5.57,0.00951,True
bulb,11/10/2025,14,40.17,6.42,5.29,0.00507,True
bulb,11/10/2025,15,34.84,6.4,5.64,0.00542,True
bulb,11/10/2025,16,40.08,6.19,7.17,0.01328,True
bulb,11/10/2025,17,37.27,6.61,5.6,0.00578,True
bulb,11/10/2025,18,37.05,6.09,5.97,0.01027,True
bulb,11/10/2025,19,37.17,6.36,5.47,0.00422,True
bulb,11/10/2025,20,35.87,5.98,6.57,0.01211,True
bulb,11/10/2025,21,34.16,6.56,6.8,0.0041,True
bulb,11/10/2025,22,41.22,6.23,8.22,0.0063,True
bulb,11/10/2025,23,36.14,6.05,5.53,0.009,True
bulb,11/9/2025,0,42.08,6.8,8.91,0.00662,True
bulb,11/9/2025,1,33.21,6.04,7.96,0.01068,True
bulb,11/9/2025,2,42.15,6.67,7.96,0.00982,True
bulb,11/9/2025,3,37.34,6.67,7.88,0.00919,True
bulb,11/9/2025,4,39.18,6.3,7.77,0.00449,True
bulb,11/9/2025,5,38.78,5.94,7.95,0.00956,True
bulb,11/9/2025,6,36.63,6.0,6.64,0.00734,True
bulb,11/9/2025,7,33.11,5.98,5.81,0.00459,True
bulb,11/9/2025,8,38.23,6.36,6.52,0.01029,True
bulb,11/9/2025,9,38.77,6.24,6.88,0.01234,True
bulb,11/9/2025,10,33.7,6.33,7.77,0.01085,True
bulb,11/9/2025,11,34.89,5.99,7.15,0.00933,True
bulb,11/9/2025,12,35.68,6.83,5.19,0.00681,True
bulb,11/9/2025,13,35.92,5.91,5.49,0.01187,True
bulb,11/9/2025,14,35.83,6.06,4.98,0.00406,True
bulb,11/9/2025,15,38.83,6.55,8.11,0.00479,True
bulb,11/9/2025,16,42.09,6.34,8.73,0.0081,True
bulb,11/9/2025,17,41.92,6.1,6.02,0.01348,True
bulb,11/9/2025,18,33.26,6.01,6.36,0.00711,True
bulb,11/9/2025,19,33.37,6.33,5.38,0.01138,True
bulb,11/9/2025,20,34.46,6.84,7.9,0.01135,True
bulb,11/9/2025,21,41.35,6.2,7.3,0.01238,True
bulb,11/9/2025,22,33.47,6.6,6.09,0.01228,True
bulb,11/9/2025,23,33.44,6.84,5.96,0.00502,True
fan,12/8/2025,0,0.3,0.15,0.85,0.00974,True
fan,12/8/2025,1,4.87,0.4,1.21,0.00958,True
fan,12/8/2025,2,0.55,0.38,1.81,0.00458,True
fan,12/8/2025,3,2.75,0.16,0.94,0.00926,True
fan,12/8/2025,4,4.49,0.25,0.61,0.00621,True
fan,12/8/2025,5,2.9,0.42,0.59,0.00172,True
fan,12/8/2025,6,1.06,0.19,0.14,0.00947,True
fan,12/8/2025,7,0.44,0.33,0.17,0.00175,True
fan,12/8/2025,8,2.58,0.03,0.95,0.00524,True
fan,12/8/2025,9,0.14,0.15,1.05,0.00459,True
fan,12/8/2025,10,3.78,0.05,0.8,0.0048,True
fan,12/8/2025,11,0.06,0.5,0.6,0.00986,True
fan,12/8/2025,12,0.4,0.01,1.1,0.00416,True
fan,12/8/2025,13,2.76,0.02,1.38,0.00878,True
fan,12/8/2025,14,4.99,0.11,0.34,0.0085,True
fan,12/8/2025,15,0.98,0.12,1.26,0.00049,True
fan,12/8/2025,16,1.18,0.33,0.53,0.00845,True
fan,12/8/2025,17,2.63,0.3,1.6,0.00822,True
fan,12/8/2025,18,3.24,0.23,1.54,0.0041,True
fan,12/8/2025,19,4.64,0.03,0.52,0.00462,True
fan,12/8/2025,20,3.27,0.13,1.81,0.0046,True
fan,12/8/2025,21,2.36,0.28,0.63,0.00355,True
fan,12/8/2025,22,0.47,0.26,1.63,0.00026,True
fan,12/8/2025,23,2.32,0.28,1.74,0.00653,True
fan,12/7/2025,0,4.21,0.49,0.91,0.00474,True
fan,12/7/2025,1,4.93,0.34,1.03,0.00024,True
fan,12/7/2025,2,2.63,0.13,1.25,0.00623,True
fan,12/7/2025,3,4.46,0.16,1.52,0.00584,True
fan,12/7/2025,4,2.26,0.2,0.44,0.00042,True
fan,12/7/2025,5,4.97,0.13,1.2,0.00898,True
fan,12/7/2025,6,1.98,0.43,0.98,0.00821,True
fan,12/7/2025,7,1.1,0.45,1.65,0.00966,True
fan,12/7/2025,8,3.56,0.06,0.9,0.00939,True
fan,12/7/2025,9,3.02,0.11,1.91,0.00897,True
fan,12/7/2025,10,0.98,0.36,1.48,0.0093,True
fan,12/7/2025,11,1.28,0.13,1.56,0.00604,True
fan,12/7/2025,12,0.96,0.11,0.02,0.00648,True
fan,12/7/2025,13,1.15,0.44,0.69,0.00261,True
fan,12/7/2025,14,1.23,0.1,0.68,0.0061,True
fan,12/7/2025,15,1.87,0.35,1.67,0.00568,True
fan,12/7/2025,16,0.78,0.43,0.54,0.00226,True
fan,12/7/2025,17,4.82,0.16,0.83,0.0071,True
fan,12/7/2025,18,0.68,0.26,0.09,0.00911,True
fan,12/7/2025,19,4.33,0.31,0.33,0.00042,True
fan,12/7/2025,20,3.17,0.2,1.17,0.00435,True
fan,12/7/2025,21,4.72,0.33,1.38,0.00613,True
fan,12/7/2025,22,1.84,0.14,0.84,0.00863,True
fan,12/7/2025,23,4.37,0.2,0.4,0.00372,True
fan,12/6/2025,0,4.8,0.1,0.27,0.00733,True
fan,12/6/2025,1,2.48,0.44,0.02,0.00335,True
fan,12/6/2025,2,0.76,0.03,0.38,0.00645,True
fan,12/6/2025,3,2.58,0.03,0.2,0.00729,True
fan,12/6/2025,4,4.7,0.17,0.72,0.0023,True
fan,12/6/2025,5,0.66,0.42,0.46,0.00301,True
fan,12/6/2025,6,2.37,0.29,0.25,0.00625,True
fan,12/6/2025,7,3.16,0.15,1.03,0.00292,True
fan,12/6/2025,8,3.38,0.5,0.4,0.00167,True
fan,12/6/2025,9,0.5,0.48,0.91,0.0028,True
fan,12/6/2025,10,0.22,0.16,0.46,0.00567,True
fan,12/6/2025,11,1.41,0.08,0.37,0.00022,True
fan,12/6/2025,12,3.61,0.37,0.94,0.00848,True
fan,12/6/2025,13,3.38,0.44,0.82,0.00139,True
fan,12/6/2025,14,0.25,0.28,0.88,0.00089,True
fan,12/6/2025,15,0.88,0.02,0.95,0.0027,True
fan,12/6/2025,16,3.36,0.22,0.17,0.00501,True
fan,12/6/2025,17,2.69,0.17,0.25,0.00513,True
fan,12/6/2025,18,4.13,0.28,1.62,0.00878,True
fan,12/6/2025,19,3.81,0.23,0.35,0.00894,True
fan,12/6/2025,20,3.65,0.24,0.44,0.00939,True
fan,12/6/2025,21,3.72,0.26,0.66,0.00259,True
fan,12/6/2025,22,3.02,0.25,0.6,5e-05,True
fan,12/6/2025,23,4.65,0.11,0.16,0.00911,True
fan,12/5/2025,0,3.3,0.41,1.75,0.00696,True
fan,12/5/2025,1,1.7,0.3,0.09,0.00494,True
fan,12/5/2025,2,4.02,0.2,1.21,0.00174,True
fan,12/5/2025,3,2.51,0.21,0.96,0.00116,True
fan,12/5/2025,4,0.02,0.44,0.14,0.00813,True
fan,12/5/2025,5,4.72,0.28,0.39,0.00048,True
fan,12/5/2025,6,4.75,0.13,1.84,0.00066,True
fan,12/5/2025,7,4.49,0.31,0.38,0.00114,True
fan,12/5/2025,8,3.05,0.26,0.31,0.00073,True
fan,12/5/2025,9,2.75,0.23,0.42,0.00158,True
fan,12/5/2025,10,1.83,0.24,0.26,0.00821,True
fan,12/5/2025,11,4.82,0.23,1.6,0.00854,True
fan,12/5/2025,12,1.59,0.01,1.88,0.00797,True
fan,12/5/2025,13,2.42,0.39,1.43,0.00747,True
fan,12/5/2025,14,3.45,0.32,1.54,0.00168,True
fan,12/5/2025,15,4.57,0.17,1.12,0.00603,True
fan,12/5/2025,16,0.26,0.12,1.98,0.00578,True
fan,12/5/2025,17,0.23,0.28,1.82,0.00975,True
fan,12/5/2025,18,4.96,0.41,0.24,0.00197,True
fan,12/5/2025,19,4.6,0.09,0.97,0.00177,True
fan,12/5/2025,20,1.29,0.31,1.26,0.00573,True
fan,12/5/2025,21,0.98,0.13,0.21,0.00539,True
fan,12/5/2025,22,0.86,0.39,1.97,0.00201,True
fan,12/5/2025,23,4.09,0.05,0.3,0.00673,True
fan,12/4/2025,0,3.18,0.3,1.4,0.00578,True
fan,12/4/2025,1,2.07,0.18,0.61,0.00464,True
fan,12/4/2025,2,4.13,0.47,1.1,0.00871,True
fan,12/4/2025,3,1.3,0.27,0.68,0.00171,True
fan,12/4/2025,4,2.91,0.28,0.2,0.00685,True
fan,12/4/2025,5,1.15,0.46,0.69,6e-05,True
fan,12/4/2025,6,2.32,0.14,1.74,0.00778,True
fan,12/4/2025,7,2.24,0.45,1.96,0.00152,True
fan,12/4/2025,8,1.94,0.06,0.77,0.0021,True
fan,12/4/2025,9,2.9,0.15,0.73,0.0029,True
fan,12/4/2025,10,4.6,0.16,1.86,0.00296,True
fan,12/4/2025,11,0.72,0.09,1.31,0.00178,True
fan,12/4/2025,12,4.51,0.05,0.87,0.00659,True
fan,12/4/2025,13,0.46,0.31,1.34,0.00808,True
fan,12/4/2025,14,0.67,0.46,1.99,0.00187,True
fan,12/4/2025,15,4.0,0.04,0.6,0.00849,True
fan,12/4/2025,16,2.96,0.32,0.03,0.00338,True
fan,12/4/2025,17,3.61,0.35,0.12,0.00669,True
fan,12/4/2025,18,2.6,0.09,1.11,0.00835,True
fan,12/4/2025,19,0.09,0.38,1.59,0.00958,True
fan,12/4/2025,20,2.17,0.25,0.74,0.00194,True
fan,12/4/2025,21,0.93,0.36,1.08,0.00483,True
fan,12/4/2025,22,1.74,0.19,1.3,0.00057,True
fan,12/4/2025,23,1.35,0.23,1.93,0.00866,True
fan,12/3/2025,0,2.23,0.44,0.02,0.00115,True
fan,12/3/2025,1,1.48,0.19,0.71,0.0037,True
fan,12/3/2025,2,4.81,0.04,0.49,0.00924,True
fan,12/3/2025,3,3.84,0.21,1.9,0.00333,True
fan,12/3/2025,4,1.45,0.16,1.28,0.00804,True
fan,12/3/2025,5,0.82,0.31,0.17,0.00564,True
fan,12/3/2025,6,0.17,0.14,0.94,0.00115,True
fan,12/3/2025,7,0.01,0.48,1.28,0.00049,True
fan,12/3/2025,8,2.83,0.12,0.39,0.00488,True
fan,12/3/2025,9,3.3,0.04,1.04,0.00811,True
fan,12/3/2025,10,3.25,0.34,0.34,0.00711,True
fan,12/3/2025,11,2.49,0.01,1.5,0.0083,True
fan,12/3/2025,12,1.39,0.02,1.35,0.00844,True
fan,12/3/2025,13,1.13,0.03,0.73,0.00855,True
fan,12/3/2025,14,2.26,0.18,1.01,0.00217,True
fan,12/3/2025,15,4.66,0.01,0.66,0.0055,True
fan,12/3/2025,16,0.58,0.48,0.49,0.00662,True
fan,12/3/2025,17,0.11,0.19,0.8,0.00106,True
fan,12/3/2025,18,2.89,0.29,0.13,0.00382,True
fan,12/3/2025,19,2.75,0.19,0.53,0.00928,True
fan,12/3/2025,20,3.66,0.08,1.19,0.00168,True
fan,12/3/2025,21,0.42,0.2,1.04,0.00943,True
fan,12/3/2025,22,3.71,0.18,1.16,0.00324,True
fan,12/3/2025,23,4.08,0.33,1.14,0.00546,True
fan,12/2/2025,0,1.55,0.42,0.94,0.00959,True
fan,12/2/2025,1,4.55,0.29,1.25,0.00131,True
fan,12/2/2025,2,2.65,0.17,0.67,0.00218,True
fan,12/2/2025,3,1.74,0.22,0.97,0.00431,True
fan,12/2/2025,4,4.52,0.49,0.49,0.00407,True
fan,12/2/2025,5,0.49,0.32,1.38,0.00315,True
fan,12/2/2025,6,2.87,0.03,1.77,0.0051,True
fan,12/2/2025,7,0.01,0.3,0.66,0.00072,True
fan,12/2/2025,8,0.19,0.11,0.77,0.0019,True
fan,12/2/2025,9,4.77,0.03,0.76,0.00457,True
fan,12/2/2025,10,2.23,0.46,1.82,0.00106,True
fan,12/2/2025,11,1.65,0.02,0.6,0.00719,True
fan,12/2/2025,12,3.3,0.39,1.18,0.00358,True
fan,12/2/2025,13,2.85,0.48,0.18,0.00674,True
fan,12/2/2025,14,2.09,0.19,0.6,0.00297,True
fan,12/2/2025,15,3.02,0.36,0.21,0.00244,True
fan,12/2/2025,16,1.51,0.24,0.08,0.00648,True
fan,12/2/2025,17,2.8,0.14,1.99,0.00922,True
fan,12/2/2025,18,0.44,0.19,1.48,0.00179,True
fan,12/2/2025,19,2.17,0.17,0.9,0.00497,True
fan,12/2/2025,20,4.11,0.36,0.27,0.00165,True
fan,12/2/2025,21,3.2,0.32,1.91,0.00047,True
fan,12/2/2025,22,1.24,0.34,0.14,0.00623,True
fan,12/2/2025,23,0.84,0.45,1.98,0.00422,True
fan,12/1/2025,0,0.5,0.07,1.08,0.00826,True
fan,12/1/2025,1,0.26,0.42,2.0,0.00482,True
fan,12/1/2025,2,0.26,0.32,1.99,0.00336,True
fan,12/1/2025,3,0.97,0.15,1.51,0.00306,True
fan,12/1/2025,4,4.04,0.2,0.34,0.00477,True
fan,12/1/2025,5,1.32,0.22,0.24,0.00826,True
fan,12/1/2025,6,1.07,0.13,0.22,0.00512,True
fan,12/1/2025,7,2.68,0.13,0.91,0.00186,True
fan,12/1/2025,8,3.27,0.42,1.88,0.004,True
fan,12/1/2025,9,0.65,0.31,0.71,0.00283,True
fan,12/1/2025,10,3.83,0.13,0.77,0.0066,True
fan,12/1/2025,11,1.53,0.03,0.68,0.00234,True
fan,12/1/2025,12,3.53,0.45,0.59,0.00594,True
fan,12/1/2025,13,4.48,0.13,1.54,0.00205,True
fan,12/1/2025,14,1.83,0.28,0.86,0.00027,True
fan,12/1/2025,15,5.0,0.2,1.54,0.00802,True
fan,12/1/2025,16,1.49,0.23,0.5,0.0064,True
fan,12/1/2025,17,3.73,0.13,1.71,0.00311,True
fan,12/1/2025,18,3.56,0.17,0.9,0.00471,True
fan,12/1/2025,19,3.75,0.11,1.09,0.00296,True
fan,12/1/2025,20,1.62,0.4,0.77,0.00692,True
fan,12/1/2025,21,4.92,0.06,0.78,0.00364,True
fan,12/1/2025,22,4.02,0.41,1.34,0.00892,True
fan,12/1/2025,23,3.43,0.44,0.66,0.00729,True
fan,11/30/2025,0,4.58,0.49,1.24,0.00603,True
fan,11/30/2025,1,3.56,0.1,1.07,0.00857,True
fan,11/30/2025,2,2.95,0.47,1.89,0.00611,True
fan,11/30/2025,3,2.8,0.19,0.47,0.00224,True
fan,11/30/2025,4,0.2,0.1,0.49,0.00126,True
fan,11/30/2025,5,3.64,0.46,0.71,0.0006,True
fan,11/30/2025,6,2.24,0.33,1.38,0.00909,True
fan,11/30/2025,7,1.24,0.21,1.59,0.00258,True
fan,11/30/2025,8,3.11,0.1,1.69,0.001,True
fan,11/30/2025,9,1.62,0.06,1.27,0.00741,True
fan,11/30/2025,10,3.0,0.03,0.44,0.00628,True
fan,11/30/2025,11,0.98,0.15,0.27,0.00667,True
fan,11/30/2025,12,3.33,0.03,0.62,0.00831,True
fan,11/30/2025,13,2.44,0.49,0.76,0.00969,True
fan,11/30/2025,14,4.02,0.45,1.56,9e-05,True
fan,11/30/2025,15,1.75,0.03,0.03,0.00156,True
fan,11/30/2025,16,0.5,0.04,1.66,0.00454,True
fan,11/30/2025,17,4.15,0.25,0.29,0.00099,True
fan,11/30/2025,18,4.44,0.25,1.98,0.00098,True
fan,11/30/2025,19,0.68,0.19,1.94,0.00558,True
fan,11/30/2025,20,2.09,0.26,0.79,0.00384,True
fan,11/30/2025,21,0.68,0.18,2.0,0.00025,True
fan,11/30/2025,22,1.67,0.24,1.1,0.001,True
fan,11/30/2025,23,1.35,0.42,1.41,0.00707,True
fan,11/29/2025,0,0.4,0.08,1.27,0.00816,True
fan,11/29/2025,1,4.01,0.06,0.59,0.00555,True
fan,11/29/2025,2,1.54,0.0,1.26,0.00403,True
fan,11/29/2025,3,3.54,0.36,0.94,0.00344,True
fan,11/29/2025,4,2.73,0.04,0.76,0.00963,True
fan,11/29/2025,5,4.03,0.17,1.95,0.00559,True
fan,11/29/2025,6,0.74,0.03,1.04,0.00871,True
fan,11/29/2025,7,0.05,0.21,0.46,0.00792,True
fan,11/29/2025,8,4.74,0.19,1.74,0.00991,True
fan,11/29/2025,9,0.29,0.3,0.34,0.00514,True
fan,11/29/2025,10,1.53,0.01,0.21,0.00754,True
fan,11/29/2025,11,2.3,0.46,0.7,0.00376,True
fan,11/29/2025,12,2.84,0.38,1.8,0.00394,True
fan,11/29/2025,13,1.44,0.49,0.54,0.00392,True
fan,11/29/2025,14,0.01,0.11,0.98,0.00341,True
fan,11/29/2025,15,3.55,0.25,1.55,0.00304,True
fan,11/29/2025,16,4.54,0.28,0.34,0.00368,True
fan,11/29/2025,17,3.2,0.46,1.91,0.00358,True
fan,11/29/2025,18,1.48,0.27,1.24,0.00597,True
fan,11/29/2025,19,0.94,0.01,1.86,0.00321,True
fan,11/29/2025,20,0.22,0.03,1.16,0.00461,True
fan,11/29/2025,21,1.78,0.03,0.07,0.00661,True
fan,11/29/2025,22,1.03,0.37,0.82,0.00015,True
fan,11/29/2025,23,3.79,0.13,0.46,0.00156,True
fan,11/28/2025,0,3.73,0.03,1.43,0.00807,True
fan,11/28/2025,1,3.3,0.11,0.21,0.00057,True
fan,11/28/2025,2,2.02,0.21,1.66,0.00622,True
fan,11/28/2025,3,4.66,0.17,0.45,0.00688,True
fan,11/28/2025,4,0.06,0.03,0.9,0.00494,True
fan,11/28/2025,5,0.25,0.41,1.78,0.00433,True
fan,11/28/2025,6,1.79,0.48,1.88,0.0093,True
fan,11/28/2025,7,1.47,0.17,1.15,0.00853,True
fan,11/28/2025,8,3.31,0.18,0.43,0.00109,True
fan,11/28/2025,9,2.9,0.34,1.47,0.00618,True
fan,11/28/2025,10,0.45,0.14,0.43,0.00018,True
fan,11/28/2025,11,0.09,0.15,1.32,0.00903,True
fan,11/28/2025,12,0.2,0.02,0.13,0.00419,True
fan,11/28/2025,13,4.54,0.38,0.03,0.00903,True
fan,11/28/2025,14,3.92,0.12,0.41,0.00219,True
fan,11/28/2025,15,4.87,0.14,1.75,0.0054,True
fan,11/28/2025,16,4.15,0.43,0.37,0.00207,True
fan,11/28/2025,17,1.6,0.27,1.95,0.00808,True
fan,11/28/2025,18,4.46,0.09,1.19,0.0042,True
fan,11/28/2025,19,0.51,0.42,1.02,0.00296,True
fan,11/28/2025,20,4.52,0.17,0.44,0.00532,True
fan,11/28/2025,21,2.99,0.06,0.76,0.00036,True
fan,11/28/2025,22,4.66,0.02,1.62,0.00883,True
fan,11/28/2025,23,2.12,0.18,0.03,0.00339,True
fan,11/27/2025,0,3.05,0.07,1.17,0.00027,True
fan,11/27/2025,1,2.95,0.23,1.03,0.00631,True
fan,11/27/2025,2,0.39,0.41,0.98,0.003,True
fan,11/27/2025,3,1.2,0.13,1.92,0.00755,True
fan,11/27/2025,4,2.67,0.45,1.21,0.00981,True
fan,11/27/2025,5,0.46,0.25,1.04,0.00694,True
fan,11/27/2025,6,1.75,0.49,1.19,0.00663,True
fan,11/27/2025,7,3.77,0.07,0.12,0.00912,True
fan,11/27/2025,8,3.85,0.08,0.68,0.00646,True
fan,11/27/2025,9,0.63,0.03,0.49,0.00182,True
fan,11/27/2025,10,4.09,0.12,0.92,0.00488,True
fan,11/27/2025,11,3.92,0.06,1.98,0.00282,True
fan,11/27/2025,12,4.33,0.19,0.3,0.00042,True
fan,11/27/2025,13,4.58,0.11,0.28,0.00833,True
fan,11/27/2025,14,4.22,0.34,0.5,0.00217,True
fan,11/27/2025,15,0.38,0.46,1.78,0.00883,True
fan,11/27/2025,16,2.74,0.08,0.98,0.00577,True
fan,11/27/2025,17,2.22,0.03,1.5,0.0066,True
fan,11/27/2025,18,1.71,0.41,0.96,0.00182,True
fan,11/27/2025,19,0.4,0.29,0.51,0.00909,True
fan,11/27/2025,20,4.83,0.03,1.17,0.00539,True
fan,11/27/2025,21,2.93,0.14,1.58,0.0051,True
fan,11/27/2025,22,2.17,0.0,0.1,0.0012,True
fan,11/27/2025,23,1.55,0.29,0.71,0.00766,True
fan,11/26/2025,0,3.04,0.33,0.68,0.0048,True
fan,11/26/2025,1,2.88,0.23,1.51,0.00216,True
fan,11/26/2025,2,1.78,0.4,0.04,0.00537,True
fan,11/26/2025,3,1.77,0.28,1.2,0.00604,True
fan,11/26/2025,4,3.53,0.37,1.01,0.00858,True
fan,11/26/2025,5,1.63,0.05,0.76,0.00864,True
fan,11/26/2025,6,2.13,0.48,0.06,0.00182,True
fan,11/26/2025,7,1.17,0.4,0.17,0.00962,True
fan,11/26/2025,8,3.02,0.28,0.78,0.00528,True
fan,11/26/2025,9,3.69,0.02,1.52,0.00652,True
fan,11/26/2025,10,3.69,0.17,1.81,0.00746,True
fan,11/26/2025,11,3.15,0.0,1.69,0.00315,True
fan,11/26/2025,12,2.74,0.3,1.19,0.00714,True
fan,11/26/2025,13,1.94,0.29,1.0,0.00626,True
fan,11/26/2025,14,1.99,0.15,0.76,0.00623,True
fan,11/26/2025,15,0.62,0.02,0.12,0.00227,True
fan,11/26/2025,16,4.82,0.1,0.44,0.00522,True
fan,11/26/2025,17,4.94,0.45,1.95,0.00996,True
fan,11/26/2025,18,4.3,0.1,1.97,0.00897,True
fan,11/26/2025,19,4.8,0.16,1.98,0.00576,True
fan,11/26/2025,20,0.34,0.1,2.0,0.00406,True
fan,11/26/2025,21,3.73,0.49,0.83,0.00017,True
fan,11/26/2025,22,4.8,0.09,1.61,0.00283,True
fan,11/26/2025,23,0.58,0.16,1.65,0.00394,True
fan,11/25/2025,0,4.31,0.19,0.61,0.00609,True
fan,11/25/2025,1,1.8,0.29,0.99,0.0038,True
fan,11/25/2025,2,2.18,0.12,1.01,0.00333,True
fan,11/25/2025,3,1.61,0.44,0.9,0.00695,True
fan,11/25/2025,4,0.82,0.22,1.17,0.00865,True
fan,11/25/2025,5,1.21,0.11,1.18,0.0004,True
fan,11/25/2025,6,3.49,0.27,0.04,0.005,True
fan,11/25/2025,7,3.03,0.43,1.28,0.00484,True
fan,11/25/2025,8,0.42,0.17,0.93,0.00628,True
fan,11/25/2025,9,4.57,0.4,0.3,0.00463,True
fan,11/25/2025,10,0.69,0.35,1.52,0.00969,True
fan,11/25/2025,11,3.31,0.36,1.73,0.00287,True
fan,11/25/2025,12,1.09,0.44,0.35,0.00851,True
fan,11/25/2025,13,3.27,0.11,1.07,0.0006,True
fan,11/25/2025,14,4.82,0.37,0.8,0.00424,True
fan,11/25/2025,15,4.9,0.32,0.5,0.00278,True
fan,11/25/2025,16,4.87,0.48,0.46,0.00974,True
fan,11/25/2025,17,3.01,0.39,1.98,0.00256,True
fan,11/25/2025,18,0.39,0.03,1.44,0.00434,True
fan,11/25/2025,19,3.18,0.09,0.92,0.00619,True
fan,11/25/2025,20,2.02,0.04,1.25,0.00282,True
fan,11/25/2025,21,3.49,0.02,1.33,0.00593,True
fan,11/25/2025,22,1.55,0.2,1.84,0.00188,True
fan,11/25/2025,23,3.06,0.01,1.0,0.00791,True
fan,11/24/2025,0,0.71,0.05,1.02,0.0006,True
fan,11/24/2025,1,0.96,0.42,0.82,0.00687,True
fan,11/24/2025,2,2.99,0.41,0.1,0.0041,True
fan,11/24/2025,3,4.28,0.36,1.76,0.00285,True
fan,11/24/2025,4,1.19,0.19,1.7,0.0061,True
fan,11/24/2025,5,0.56,0.08,0.94,0.00967,True
fan,11/24/2025,6,4.7,0.19,0.52,0.00671,True
fan,11/24/2025,7,1.44,0.19,0.5,0.00072,True
fan,11/24/2025,8,0.58,0.42,1.68,0.00567,True
fan,11/24/2025,9,2.73,0.18,1.14,0.00622,True
fan,11/24/2025,10,1.33,0.05,0.86,0.00017,True
fan,11/24/2025,11,3.61,0.35,0.58,0.00179,True
fan,11/24/2025,12,0.8,0.16,1.26,0.00544,True
fan,11/24/2025,13,4.73,0.48,0.12,0.00066,True
fan,11/24/2025,14,0.65,0.05,0.93,0.00578,True
fan,11/24/2025,15,2.45,0.45,1.53,0.00073,True
fan,11/24/2025,16,1.56,0.39,1.83,0.00624,True
fan,11/24/2025,17,2.8,0.17,0.04,8e-05,True
fan,11/24/2025,18,1.14,0.27,0.45,0.00658,True
fan,11/24/2025,19,0.53,0.3,0.99,0.00746,True
fan,11/24/2025,20,1.6,0.35,0.85,0.00972,True
fan,11/24/2025,21,4.53,0.27,0.01,0.00072,True
fan,11/24/2025,22,1.46,0.06,0.9,0.00358,True
fan,11/24/2025,23,4.09,0.12,0.96,0.00177,True
fan,11/23/2025,0,3.66,0.47,0.56,0.00759,True
fan,11/23/2025,1,3.34,0.1,0.77,0.00578,True
fan,11/23/2025,2,1.3,0.49,1.08,0.00144,True
fan,11/23/2025,3,0.38,0.11,1.99,0.00942,True
fan,11/23/2025,4,2.67,0.22,0.77,0.00822,True
fan,11/23/2025,5,2.3,0.21,0.86,0.00851,True
fan,11/23/2025,6,3.81,0.2,0.38,0.0053,True
fan,11/23/2025,7,1.34,0.34,1.04,0.00028,True
fan,11/23/2025,8,2.54,0.26,0.39,0.00961,True
fan,11/23/2025,9,3.43,0.02,1.04,0.00513,True
fan,11/23/2025,10,1.44,0.26,0.03,0.00296,True
fan,11/23/2025,11,3.13,0.4,0.97,0.00403,True
fan,11/23/2025,12,0.4,0.31,0.59,0.00955,True
fan,11/23/2025,13,0.91,0.25,0.9,0.00486,True
fan,11/23/2025,14,1.6,0.2,0.82,0.00987,True
fan,11/23/2025,15,0.58,0.37,0.5,0.00223,True
fan,11/23/2025,16,0.07,0.23,1.79,0.00334,True
fan,11/23/2025,17,4.93,0.07,0.76,0.00847,True
fan,11/23/2025,18,2.93,0.36,2.0,0.00385,True
fan,11/23/2025,19,0.71,0.31,0.91,0.00932,True
fan,11/23/2025,20,2.56,0.42,0.45,0.00722,True
fan,11/23/2025,21,2.58,0.02,1.02,0.00615,True
fan,11/23/2025,22,1.84,0.29,0.9,0.00399,True
fan,11/23/2025,23,4.29,0.18,0.01,0.00281,True
fan,11/22/2025,0,4.35,0.2,0.27,0.00245,True
fan,11/22/2025,1,2.66,0.14,1.78,0.00672,True
fan,11/22/2025,2,0.62,0.31,0.14,0.00963,True
fan,11/22/2025,3,0.71,0.38,1.94,0.00965,True
fan,11/22/2025,4,0.16,0.0,0.36,0.00671,True
fan,11/22/2025,5,1.24,0.23,1.17,0.00782,True
fan,11/22/2025,6,4.32,0.22,1.51,0.00716,True
fan,11/22/2025,7,3.49,0.22,1.29,0.00719,True
fan,11/22/2025,8,4.66,0.07,0.67,0.00484,True
fan,11/22/2025,9,0.45,0.42,0.13,0.00752,True
fan,11/22/2025,10,0.44,0.11,0.23,0.0065,True
fan,11/22/2025,11,4.04,0.2,0.23,0.00878,True
fan,11/22/2025,12,0.9,0.35,0.2,0.00858,True
fan,11/22/2025,13,4.56,0.42,0.19,0.00179,True
fan,11/22/2025,14,1.72,0.24,0.46,0.00715,True
fan,11/22/2025,15,3.8,0.07,0.98,0.00856,True
fan,11/22/2025,16,1.07,0.1,0.14,0.00962,True
fan,11/22/2025,17,1.21,0.03,1.27,0.00632,True
fan,11/22/2025,18,2.62,0.23,1.44,0.00163,True
fan,11/22/2025,19,3.99,0.17,0.72,0.00702,True
fan,11/22/2025,20,2.99,0.17,0.16,0.00261,True
fan,11/22/2025,21,2.57,0.23,0.18,0.00176,True
fan,11/22/2025,22,3.28,0.26,1.28,0.00403,True
fan,11/22/2025,23,3.01,0.32,1.05,0.00126,True
fan,11/21/2025,0,4.32,0.25,0.94,0.00147,True
fan,11/21/2025,1,0.7,0.4,1.47,0.002,True
fan,11/21/2025,2,1.1,0.49,0.01,0.00661,True
fan,11/21/2025,3,2.02,0.07,0.31,0.00683,True
fan,11/21/2025,4,4.43,0.18,1.18,0.0044,True
fan,11/21/2025,5,3.0,0.21,1.99,0.00778,True
fan,11/21/2025,6,0.34,0.1,0.67,0.008,True
fan,11/21/2025,7,2.65,0.32,1.25,0.00365,True
fan,11/21/2025,8,1.38,0.44,1.44,0.00414,True
fan,11/21/2025,9,4.17,0.34,0.16,0.00342,True
fan,11/21/2025,10,2.88,0.28,1.36,0.00893,True
fan,11/21/2025,11,0.73,0.33,0.86,0.00347,True
fan,11/21/2025,12,1.06,0.15,1.81,0.00097,True
fan,11/21/2025,13,2.77,0.04,0.94,0.00593,True
fan,11/21/2025,14,4.61,0.14,1.96,0.00499,True
fan,11/21/2025,15,1.05,0.24,0.78,0.00527,True
fan,11/21/2025,16,2.24,0.13,0.52,0.00521,True
fan,11/21/2025,17,4.82,0.31,0.25,0.00091,True
fan,11/21/2025,18,0.84,0.49,0.06,0.00806,True
fan,11/21/2025,19,2.67,0.5,0.67,0.00884,True
fan,11/21/2025,20,4.33,0.43,1.93,0.00173,True
fan,11/21/2025,21,4.75,0.22,0.99,0.00644,True
fan,11/21/2025,22,1.83,0.49,0.66,0.00903,True
fan,11/21/2025,23,3.68,0.42,1.49,0.00976,True
fan,11/20/2025,0,2.91,0.34,1.14,0.00653,True
fan,11/20/2025,1,2.17,0.27,0.11,0.00677,True
fan,11/20/2025,2,0.41,0.06,1.38,0.00507,True
fan,11/20/2025,3,1.75,0.27,1.57,0.00412,True
fan,11/20/2025,4,2.54,0.32,0.98,0.00982,True
fan,11/20/2025,5,2.3,0.45,0.46,0.00609,True
fan,11/20/2025,6,0.18,0.33,1.31,0.00759,True
fan,11/20/2025,7,1.44,0.29,0.01,0.0078,True
fan,11/20/2025,8,3.11,0.45,1.6,0.00026,True
fan,11/20/2025,9,1.65,0.45,0.48,0.00734,True
fan,11/20/2025,10,3.09,0.21,0.77,0.00406,True
fan,11/20/2025,11,1.66,0.48,1.03,0.00742,True
fan,11/20/2025,12,0.36,0.05,1.92,0.00856,True
fan,11/20/2025,13,0.55,0.03,1.46,0.00935,True
fan,11/20/2025,14,3.93,0.19,0.76,0.00012,True
fan,11/20/2025,15,0.73,0.01,1.71,0.00737,True
fan,11/20/2025,16,1.17,0.31,1.67,0.00271,True
fan,11/20/2025,17,1.9,0.4,1.3,0.00728,True
fan,11/20/2025,18,3.59,0.14,1.42,0.00617,True
fan,11/20/2025,19,1.13,0.36,0.22,0.00096,True
fan,11/20/2025,20,4.92,0.17,1.21,0.00479,True
fan,11/20/2025,21,4.37,0.25,1.04,0.00682,True
fan,11/20/2025,22,3.69,0.02,1.23,0.00205,True
fan,11/20/2025,23,4.16,0.45,0.48,0.00659,True
fan,11/19/2025,0,4.45,0.4,0.29,0.00938,True
fan,11/19/2025,1,1.48,0.46,0.77,0.0034,True
fan,11/19/2025,2,3.4,0.41,0.09,0.00061,True
fan,11/19/2025,3,2.38,0.39,0.08,0.00311,True
fan,11/19/2025,4,3.78,0.19,1.75,0.00919,True
fan,11/19/2025,5,2.74,0.19,0.24,0.00739,True
fan,11/19/2025,6,3.34,0.45,1.13,0.00185,True
fan,11/19/2025,7,0.91,0.35,1.09,0.00313,True
fan,11/19/2025,8,2.73,0.34,1.13,0.00856,True
fan,11/19/2025,9,0.84,0.21,1.84,0.00474,True
fan,11/19/2025,10,4.79,0.27,1.9,0.00063,True
fan,11/19/2025,11,0.49,0.2,1.91,0.00498,True
fan,11/19/2025,12,1.66,0.01,0.08,0.00837,True
fan,11/19/2025,13,0.69,0.35,1.18,0.00846,True
fan,11/19/2025,14,3.31,0.1,0.12,0.00455,True
fan,11/19/2025,15,2.36,0.3,0.17,0.00396,True
fan,11/19/2025,16,2.74,0.4,0.96,0.00961,True
fan,11/19/2025,17,2.44,0.36,1.01,0.00261,True
fan,11/19/2025,18,3.7,0.42,0.05,0.00436,True
fan,11/19/2025,19,2.47,0.44,0.42,0.00531,True
fan,11/19/2025,20,1.95,0.26,0.54,0.00109,True
fan,11/19/2025,21,1.55,0.45,1.3,0.00479,True
fan,11/19/2025,22,4.38,0.16,1.51,0.00665,True
fan,11/19/2025,23,0.64,0.38,0.73,0.00498,True
fan,11/18/2025,0,2.01,0.09,0.13,0.00175,True
fan,11/18/2025,1,0.99,0.42,0.22,0.00022,True
fan,11/18/2025,2,2.91,0.36,1.39,0.00654,True
fan,11/18/2025,3,3.43,0.31,0.73,0.00658,True
fan,11/18/2025,4,2.65,0.33,0.44,0.00262,True
fan,11/18/2025,5,4.33,0.08,0.61,0.00507,True
fan,11/18/2025,6,2.52,0.46,0.94,0.00026,True
fan,11/18/2025,7,1.21,0.07,1.46,0.00588,True
fan,11/18/2025,8,0.05,0.05,0.81,0.00668,True
fan,11/18/2025,9,1.77,0.06,0.41,0.00717,True
fan,11/18/2025,10,4.8,0.18,1.34,0.00197,True
fan,11/18/2025,11,0.56,0.34,1.27,0.00186,True
fan,11/18/2025,12,2.8,0.12,1.45,0.00398,True
fan,11/18/2025,13,1.23,0.1,1.17,0.002,True
fan,11/18/2025,14,3.54,0.2,1.13,0.00668,True
fan,11/18/2025,15,0.65,0.17,0.94,0.00715,True
fan,11/18/2025,16,2.68,0.02,0.46,0.0043,True
fan,11/18/2025,17,4.41,0.31,0.98,0.00492,True
fan,11/18/2025,18,2.24,0.1,1.71,0.00333,True
fan,11/18/2025,19,3.9,0.33,0.1,0.00109,True
fan,11/18/2025,20,4.87,0.19,1.97,0.00834,True
fan,11/18/2025,21,3.19,0.22,1.4,0.00188,True
fan,11/18/2025,22,4.32,0.07,0.8,0.00935,True
fan,11/18/2025,23,0.09,0.03,0.64,0.00538,True
fan,11/17/2025,0,3.51,0.44,0.32,0.00864,True
fan,11/17/2025,1,4.21,0.04,1.0,0.00893,True
fan,11/17/2025,2,3.76,0.4,0.23,0.00388,True
fan,11/17/2025,3,2.34,0.3,0.61,0.00042,True
fan,11/17/2025,4,3.56,0.42,1.02,0.00863,True
fan,11/17/2025,5,3.73,0.13,0.0,0.00801,True
fan,11/17/2025,6,2.81,0.14,1.53,0.00924,True
fan,11/17/2025,7,0.5,0.44,0.46,0.00709,True
fan,11/17/2025,8,1.62,0.28,0.5,0.00314,True
fan,11/17/2025,9,4.75,0.18,1.33,0.00393,True
fan,11/17/2025,10,0.23,0.09,1.57,0.00432,True
fan,11/17/2025,11,1.12,0.43,1.86,0.00855,True
fan,11/17/2025,12,2.57,0.38,0.33,0.00064,True
fan,11/17/2025,13,3.94,0.02,0.1,0.00269,True
fan,11/17/2025,14,2.74,0.31,1.17,0.00714,True
fan,11/17/2025,15,2.0,0.42,1.4,0.00913,True
fan,11/17/2025,16,3.85,0.27,1.55,0.00445,True
fan,11/17/2025,17,2.14,0.16,0.83,0.0025,True
fan,11/17/2025,18,2.82,0.19,0.54,0.00339,True
fan,11/17/2025,19,0.13,0.24,1.36,0.00752,True
fan,11/17/2025,20,3.01,0.28,0.05,0.00038,True
fan,11/17/2025,21,4.38,0.12,1.39,0.00756,True
fan,11/17/2025,22,1.84,0.15,0.8,0.00084,True
fan,11/17/2025,23,1.61,0.32,1.24,0.00739,True
fan,11/16/2025,0,2.26,0.3,0.33,0.0003,True
fan,11/16/2025,1,1.39,0.08,0.95,0.00757,True
fan,11/16/2025,2,4.3,0.36,1.26,0.00655,True
fan,11/16/2025,3,4.63,0.38,1.53,0.00413,True
fan,11/16/2025,4,3.47,0.41,0.61,0.00196,True
fan,11/16/2025,5,1.36,0.29,0.51,0.00093,True
fan,11/16/2025,6,4.89,0.27,0.2,0.00697,True
fan,11/16/2025,7,4.18,0.42,0.08,0.00705,True
fan,11/16/2025,8,2.99,0.16,0.15,0.00784,True
fan,11/16/2025,9,1.06,0.2,1.72,0.00151,True
fan,11/16/2025,10,4.11,0.24,0.33,0.00456,True
fan,11/16/2025,11,3.03,0.08,1.05,0.0016,True
fan,11/16/2025,12,2.12,0.29,1.28,0.00779,True
fan,11/16/2025,13,1.61,0.18,1.53,0.00608,True
fan,11/16/2025,14,1.79,0.43,1.15,0.00436,True
fan,11/16/2025,15,4.38,0.29,1.28,0.00203,True
fan,11/16/2025,16,2.56,0.3,0.15,0.00875,True
fan,11/16/2025,17,2.93,0.37,1.59,0.00312,True
fan,11/16/2025,18,3.83,0.11,0.62,0.00533,True
fan,11/16/2025,19,0.13,0.43,1.19,0.00379,True
fan,11/16/2025,20,1.66,0.34,0.55,0.00357,True
fan,11/16/2025,21,2.5,0.17,1.62,0.00987,True
fan,11/16/2025,22,0.39,0.42,0.33,0.00163,True
fan,11/16/2025,23,1.65,0.1,0.1,0.0052,True
fan,11/15/2025,0,2.76,0.12,0.44,0.00785,True
fan,11/15/2025,1,1.43,0.15,1.63,0.00845,True
fan,11/15/2025,2,4.6,0.17,1.56,0.00745,True
fan,11/15/2025,3,3.6,0.01,0.05,0.00228,True
fan,11/15/2025,4,2.79,0.13,0.66,0.00593,True
fan,11/15/2025,5,4.49,0.24,1.89,0.00643,True
fan,11/15/2025,6,2.78,0.1,0.84,0.00443,True
fan,11/15/2025,7,0.17,0.06,1.13,0.00298,True
fan,11/15/2025,8,0.61,0.47,0.47,0.0056,True
fan,11/15/2025,9,0.54,0.06,0.26,0.00281,True
fan,11/15/2025,10,1.35,0.15,0.96,0.00934,True
fan,11/15/2025,11,4.13,0.46,0.63,0.00706,True
fan,11/15/2025,12,2.33,0.01,0.08,0.00663,True
fan,11/15/2025,13,0.51,0.33,0.65,0.00903,True
fan,11/15/2025,14,0.59,0.1,0.76,0.00838,True
fan,11/15/2025,15,4.54,0.49,0.03,0.00591,True
fan,11/15/2025,16,1.22,0.15,0.22,0.00897,True
fan,11/15/2025,17,0.53,0.17,0.5,0.00936,True
fan,11/15/2025,18,0.22,0.14,1.78,0.00313,True
fan,11/15/2025,19,1.01,0.08,0.32,0.00927,True
fan,11/15/2025,20,3.21,0.24,0.7,0.00777,True
fan,11/15/2025,21,2.4,0.18,1.24,0.00348,True
fan,11/15/2025,22,0.37,0.19,1.91,0.00529,True
fan,11/15/2025,23,1.64,0.19,0.21,0.00667,True
fan,11/14/2025,0,2.49,0.35,0.99,0.00251,True
fan,11/14/2025,1,1.19,0.18,0.74,0.00682,True
fan,11/14/2025,2,1.71,0.44,0.66,0.00415,True
fan,11/14/2025,3,1.19,0.23,1.53,0.00274,True
fan,11/14/2025,4,1.31,0.2,0.31,0.00738,True
fan,11/14/2025,5,2.18,0.26,0.46,0.00649,True
fan,11/14/2025,6,0.37,0.03,1.66,0.00114,True
fan,11/14/2025,7,0.35,0.13,1.22,0.00308,True
fan,11/14/2025,8,1.11,0.02,0.29,0.00756,True
fan,11/14/2025,9,3.94,0.32,0.7,0.00612,True
fan,11/14/2025,10,2.92,0.37,0.22,0.00396,True
fan,11/14/2025,11,2.3,0.28,1.42,0.00961,True
fan,11/14/2025,12,0.45,0.02,0.7,0.00969,True
fan,11/14/2025,13,0.24,0.31,0.79,0.00387,True
fan,11/14/2025,14,3.3,0.09,0.45,0.00159,True
fan,11/14/2025,15,3.74,0.44,1.32,0.00759,True
fan,11/14/2025,16,0.78,0.0,1.65,0.00462,True
fan,11/14/2025,17,2.06,0.37,0.09,0.00481,True
fan,11/14/2025,18,1.01,0.42,0.88,0.00151,True
fan,11/14/2025,19,3.43,0.0,1.95,0.00321,True
fan,11/14/2025,20,3.44,0.46,0.37,0.00999,True
fan,11/14/2025,21,1.02,0.27,0.47,0.00283,True
fan,11/14/2025,22,4.15,0.33,0.96,0.00547,True
fan,11/14/2025,23,4.86,0.39,1.19,0.00467,True
fan,11/13/2025,0,4.41,0.42,0.01,0.00245,True
fan,11/13/2025,1,1.34,0.5,0.29,0.00831,True
fan,11/13/2025,2,1.83,0.49,0.68,0.00034,True
fan,11/13/2025,3,0.92,0.41,1.47,0.00836,True
fan,11/13/2025,4,0.49,0.03,1.21,0.00767,True
fan,11/13/2025,5,4.42,0.48,0.15,0.00414,True
fan,11/13/2025,6,2.21,0.45,1.44,0.00636,True
fan,11/13/2025,7,2.45,0.25,1.74,0.00452,True
fan,11/13/2025,8,4.49,0.3,0.64,0.00986,True
fan,11/13/2025,9,0.53,0.4,0.7,0.00825,True
fan,11/13/2025,10,0.51,0.04,0.28,0.00878,True
fan,11/13/2025,11,2.39,0.35,0.23,0.00927,True
fan,11/13/2025,12,4.97,0.23,1.56,0.00876,True
fan,11/13/2025,13,4.96,0.37,1.89,0.00977,True
fan,11/13/2025,14,3.4,0.42,1.37,0.0048,True
fan,11/13/2025,15,4.65,0.02,0.2,0.00488,True
fan,11/13/2025,16,1.34,0.19,0.49,0.00589,True
fan,11/13/2025,17,1.23,0.32,1.26,0.00927,True
fan,11/13/2025,18,2.92,0.46,1.13,0.00153,True
fan,11/13/2025,19,1.65,0.32,0.86,0.0094,True
fan,11/13/2025,20,3.25,0.38,1.52,0.00901,True
fan,11/13/2025,21,2.97,0.15,1.75,0.00705,True
fan,11/13/2025,22,3.8,0.08,1.75,0.00854,True
fan,11/13/2025,23,3.21,0.36,0.65,0.00237,True
fan,11/12/2025,0,4.78,0.44,0.82,0.0055,True
fan,11/12/2025,1,1.05,0.34,0.26,0.0098,True
fan,11/12/2025,2,4.31,0.4,1.32,0.00818,True
fan,11/12/2025,3,4.28,0.2,0.49,0.0051,True
fan,11/12/2025,4,2.27,0.41,0.77,6e-05,True
fan,11/12/2025,5,1.38,0.24,1.69,0.00967,True
fan,11/12/2025,6,0.47,0.29,1.63,0.00108,True
fan,11/12/2025,7,0.84,0.2,0.12,0.00584,True
fan,11/12/2025,8,1.72,0.28,0.07,0.00743,True
fan,11/12/2025,9,1.65,0.04,1.3,0.00079,True
fan,11/12/2025,10,4.29,0.37,1.31,0.00529,True
fan,11/12/2025,11,3.64,0.02,1.91,0.00733,True
fan,11/12/2025,12,4.02,0.24,1.43,0.00662,True
fan,11/12/2025,13,2.12,0.19,1.05,0.00352,True
fan,11/12/2025,14,1.67,0.35,1.53,0.00117,True
fan,11/12/2025,15,4.76,0.35,1.83,0.00324,True
fan,11/12/2025,16,4.34,0.15,0.2,0.00467,True
fan,11/12/2025,17,0.33,0.18,1.58,0.00253,True
fan,11/12/2025,18,2.81,0.24,1.56,0.00092,True
fan,11/12/2025,19,1.39,0.1,1.47,0.00622,True
fan,11/12/2025,20,1.57,0.13,0.26,0.00208,True
fan,11/12/2025,21,4.52,0.09,0.87,0.00792,True
fan,11/12/2025,22,1.65,0.1,0.6,0.00456,True
fan,11/12/2025,23,0.88,0.36,1.36,0.00989,True
fan,11/11/2025,0,2.67,0.05,0.75,0.00163,True
fan,11/11/2025,1,3.33,0.43,0.8,0.00688,True
fan,11/11/2025,2,3.19,0.33,0.05,0.00698,True
fan,11/11/2025,3,3.38,0.29,1.48,0.00739,True
fan,11/11/2025,4,3.87,0.45,0.41,0.00402,True
fan,11/11/2025,5,2.03,0.29,0.09,0.0014,True
fan,11/11/2025,6,3.11,0.11,0.56,0.00526,True
fan,11/11/2025,7,1.26,0.4,0.46,0.00237,True
fan,11/11/2025,8,4.78,0.14,0.36,0.00984,True
fan,11/11/2025,9,0.71,0.45,1.53,0.00115,True
fan,11/11/2025,10,3.29,0.2,1.12,0.00462,True
fan,11/11/2025,11,3.91,0.41,0.75,0.00602,True
fan,11/11/2025,12,0.01,0.5,0.63,0.00267,True
fan,11/11/2025,13,0.03,0.0,0.18,0.0046,True
fan,11/11/2025,14,2.15,0.07,0.98,0.0059,True
fan,11/11/2025,15,3.87,0.38,0.07,0.00228,True
fan,11/11/2025,16,2.24,0.04,1.07,0.00676,True
fan,11/11/2025,17,4.56,0.34,1.37,0.00806,True
fan,11/11/2025,18,4.36,0.5,0.92,0.00926,True
fan,11/11/2025,19,4.74,0.01,0.27,0.00396,True
fan,11/11/2025,20,2.34,0.2,1.04,0.00034,True
fan,11/11/2025,21,4.61,0.35,0.22,0.00865,True
fan,11/11/2025,22,1.56,0.13,0.5,0.00558,True
fan,11/11/2025,23,2.01,0.05,0.92,9e-05,True
fan,11/10/2025,0,0.54,0.13,1.23,0.00634,True
fan,11/10/2025,1,1.35,0.31,0.01,0.00647,True
fan,11/10/2025,2,0.78,0.17,1.25,0.00642,True
fan,11/10/2025,3,4.75,0.1,1.98,0.00116,True
fan,11/10/2025,4,1.43,0.46,0.61,0.00454,True
fan,11/10/2025,5,2.88,0.14,0.52,0.00659,True
fan,11/10/2025,6,4.26,0.45,0.21,0.0013,True
fan,11/10/2025,7,3.59,0.28,0.23,0.00359,True
fan,11/10/2025,8,2.73,0.08,0.41,0.00102,True
fan,11/10/2025,9,3.06,0.22,0.0,0.00891,True
fan,11/10/2025,10,1.04,0.41,0.81,0.00556,True
fan,11/10/2025,11,3.43,0.26,1.62,0.0046,True
fan,11/10/2025,12,1.69,0.26,1.73,0.00036,True
fan,11/10/2025,13,2.18,0.11,0.52,0.00178,True
fan,11/10/2025,14,2.76,0.43,1.2,0.00487,True
fan,11/10/2025,15,4.93,0.49,1.19,0.00884,True
fan,11/10/2025,16,4.15,0.35,1.32,0.00098,True
fan,11/10/2025,17,2.83,0.24,0.32,0.00624,True
fan,11/10/2025,18,3.55,0.44,0.41,0.00793,True
fan,11/10/2025,19,0.44,0.01,1.49,0.0055,True
fan,11/10/2025,20,4.54,0.45,0.09,0.00474,True
fan,11/10/2025,21,3.26,0.1,0.11,0.00627,True
fan,11/10/2025,22,4.88,0.11,1.71,0.00094,True
fan,11/10/2025,23,0.22,0.25,1.42,0.00176,True
fan,11/9/2025,0,4.52,0.19,1.47,0.00693,True
fan,11/9/2025,1,1.63,0.2,0.34,0.00067,True
fan,11/9/2025,2,0.8,0.43,1.68,0.0022,True
fan,11/9/2025,3,0.2,0.43,0.27,0.00948,True
fan,11/9/2025,4,1.69,0.47,1.12,0.00988,True
fan,11/9/2025,5,1.05,0.26,0.38,0.0031,True
fan,11/9/2025,6,0.93,0.29,0.25,0.00171,True
fan,11/9/2025,7,2.8,0.17,1.47,0.00606,True
fan,11/9/2025,8,4.83,0.21,1.65,0.0015,True
fan,11/9/2025,9,3.23,0.29,1.89,0.00833,True
fan,11/9/2025,10,3.07,0.21,1.57,0.00674,True
fan,11/9/2025,11,0.92,0.42,0.37,0.0003,True
fan,11/9/2025,12,2.24,0.07,0.62,0.0037,True
fan,11/9/2025,13,3.92,0.0,0.81,0.00921,True
fan,11/9/2025,14,2.01,0.06,0.17,0.00949,True
fan,11/9/2025,15,1.09,0.36,0.91,0.00927,True
fan,11/9/2025,16,1.89,0.29,1.02,0.00806,True
fan,11/9/2025,17,0.27,0.22,1.63,0.00041,True
fan,11/9/2025,18,2.34,0.28,0.58,0.00192,True
fan,11/9/2025,19,0.19,0.34,0.39,0.00906,True
fan,11/9/2025,20,0.18,0.2,1.82,0.00089,True
fan,11/9/2025,21,3.12,0.4,0.88,0.00534,True
fan,11/9/2025,22,0.08,0.15,0.38,0.00787,True
fan,11/9/2025,23,3.59,0.32,1.44,0.00052,True
pump,12/8/2025,0,99.89,0.47,218.77,0.00121,True
pump,12/8/2025,1,104.55,0.36,219.81,0.00764,True
pump,12/8/2025,2,103.16,0.37,218.49,0.0049,True
pump,12/8/2025,3,98.32,0.25,220.93,0.00508,True
pump,12/8/2025,4,102.43,0.28,221.71,0.00893,True
pump,12/8/2025,5,96.91,0.27,219.48,0.0054,True
pump,12/8/2025,6,103.09,0.12,218.59,0.00978,True
pump,12/8/2025,7,99.96,0.2,221.28,0.00114,True
pump,12/8/2025,8,100.3,0.0,218.29,0.00851,True
pump,12/8/2025,9,101.58,0.4,220.21,0.00427,True
pump,12/8/2025,10,95.09,0.27,219.9,0.00779,True
pump,12/8/2025,11,101.7,0.12,221.05,0.00291,True
pump,12/8/2025,12,95.24,0.34,219.46,0.00739,True
pump,12/8/2025,13,103.7,0.07,221.03,0.00938,True
pump,12/8/2025,14,100.9,0.27,221.47,0.00618,True
pump,12/8/2025,15,95.65,0.15,221.98,0.00132,True
pump,12/8/2025,16,95.23,0.21,220.67,0.00795,True
pump,12/8/2025,17,100.39,0.27,219.12,0.00817,True
pump,12/8/2025,18,100.16,0.21,221.28,0.00214,True
pump,12/8/2025,19,98.2,0.3,218.49,0.0036,True
pump,12/8/2025,20,100.0,0.28,219.09,0.00126,True
pump,12/8/2025,21,103.96,0.12,219.8,0.00168,True
pump,12/8/2025,22,98.36,0.1,221.11,0.00374,True
pump,12/8/2025,23,100.45,0.3,220.89,0.00841,True
pump,12/7/2025,0,103.35,0.22,221.72,0.0094,True
pump,12/7/2025,1,97.47,0.33,219.99,0.00161,True
pump,12/7/2025,2,98.3,0.1,218.81,0.00778,True
pump,12/7/2025,3,96.85,0.26,220.49,0.00316,True
pump,12/7/2025,4,100.78,0.14,221.55,0.00831,True
pump,12/7/2025,5,96.9,0.26,218.44,0.00047,True
pump,12/7/2025,6,95.21,0.12,221.43,0.00232,True
pump,12/7/2025,7,96.91,0.27,218.27,0.00677,True
pump,12/7/2025,8,95.16,0.23,220.29,0.00496,True
pump,12/7/2025,9,102.65,0.38,218.06,0.00751,True
pump,12/7/2025,10,97.75,0.21,218.84,0.0036,True
pump,12/7/2025,11,98.69,0.1,218.42,0.00527,True
pump,12/7/2025,12,98.74,0.19,219.78,0.00881,True
pump,12/7/2025,13,96.31,0.07,219.97,0.00028,True
pump,12/7/2025,14,95.73,0.41,218.52,0.00143,True
pump,12/7/2025,15,98.64,0.3,219.47,0.00736,True
pump,12/7/2025,16,104.75,0.14,220.16,0.00491,True
pump,12/7/2025,17,95.19,0.1,221.44,0.00014,True
pump,12/7/2025,18,101.44,0.35,220.18,0.00603,True
pump,12/7/2025,19,102.72,0.44,220.19,0.00827,True
pump,12/7/2025,20,102.76,0.49,218.48,0.00907,True
pump,12/7/2025,21,99.48,0.44,220.71,0.00942,True
pump,12/7/2025,22,99.72,0.23,219.9,0.00323,True
pump,12/7/2025,23,95.63,0.2,218.84,0.00934,True
pump,12/6/2025,0,97.32,0.42,220.54,0.00166,True
pump,12/6/2025,1,98.03,0.11,220.57,0.00146,True
pump,12/6/2025,2,104.21,0.16,219.19,0.00218,True
pump,12/6/2025,3,102.64,0.41,220.31,0.00505,True
pump,12/6/2025,4,104.59,0.04,218.33,0.00568,True
pump,12/6/2025,5,99.72,0.1,221.33,0.00085,True
pump,12/6/2025,6,104.42,0.39,219.25,0.00064,True
pump,12/6/2025,7,100.32,0.25,221.05,0.00322,True
pump,12/6/2025,8,98.05,0.45,221.27,0.00973,True
pump,12/6/2025,9,99.64,0.49,220.18,0.00288,True
pump,12/6/2025,10,97.61,0.4,220.7,0.00599,True
pump,12/6/2025,11,99.2,0.16,220.67,0.00546,True
pump,12/6/2025,12,98.03,0.47,221.2,0.00233,True
pump,12/6/2025,13,101.72,0.39,220.19,0.00495,True
pump,12/6/2025,14,102.74,0.22,220.11,0.0041,True
pump,12/6/2025,15,104.01,0.14,220.01,0.00832,True
pump,12/6/2025,16,99.61,0.38,221.07,0.00732,True
pump,12/6/2025,17,97.84,0.36,221.84,0.00348,True
pump,12/6/2025,18,101.08,0.09,220.0,0.00727,True
pump,12/6/2025,19,101.49,0.11,219.99,0.00893,True
pump,12/6/2025,20,103.48,0.24,220.11,0.00195,True
pump,12/6/2025,21,96.52,0.24,220.35,0.00725,True
pump,12/6/2025,22,99.42,0.29,218.81,0.00345,True
pump,12/6/2025,23,99.95,0.33,221.04,0.00061,True
pump,12/5/2025,0,95.24,0.08,221.57,0.00881,True
pump,12/5/2025,1,102.2,0.26,218.83,0.00489,True
pump,12/5/2025,2,104.62,0.14,221.96,0.00012,True
pump,12/5/2025,3,99.76,0.15,218.47,0.00275,True
pump,12/5/2025,4,100.69,0.49,220.68,0.00113,True
pump,12/5/2025,5,101.28,0.5,218.47,0.00361,True
pump,12/5/2025,6,96.99,0.17,220.28,0.00738,True
pump,12/5/2025,7,100.32,0.29,221.35,0.00597,True
pump,12/5/2025,8,99.27,0.01,218.93,0.0035,True
pump,12/5/2025,9,103.46,0.09,219.86,0.00646,True
pump,12/5/2025,10,96.89,0.22,219.25,0.0026,True
pump,12/5/2025,11,103.25,0.05,221.24,0.00093,True
pump,12/5/2025,12,100.03,0.03,219.46,0.00919,True
pump,12/5/2025,13,96.15,0.44,221.47,0.00783,True
pump,12/5/2025,14,99.75,0.19,219.85,0.00625,True
pump,12/5/2025,15,99.01,0.28,219.79,0.00174,True
pump,12/5/2025,16,101.52,0.47,218.29,0.00655,True
pump,12/5/2025,17,101.84,0.31,219.54,0.00644,True
pump,12/5/2025,18,95.73,0.37,219.68,0.00962,True
pump,12/5/2025,19,98.94,0.35,219.65,0.00816,True
pump,12/5/2025,20,103.25,0.36,218.28,0.00678,True
pump,12/5/2025,21,101.12,0.29,220.51,0.00346,True
pump,12/5/2025,22,100.43,0.19,218.65,0.00428,True
pump,12/5/2025,23,100.91,0.23,218.02,0.00829,True
pump,12/4/2025,0,95.57,0.31,219.17,0.0016,True
pump,12/4/2025,1,96.79,0.19,218.56,0.007,True
pump,12/4/2025,2,103.41,0.36,219.33,0.00863,True
pump,12/4/2025,3,100.52,0.22,219.01,9e-05,True
pump,12/4/2025,4,102.65,0.03,221.93,0.00236,True
pump,12/4/2025,5,103.45,0.44,219.67,0.00611,True
pump,12/4/2025,6,101.27,0.42,218.35,0.00324,True
pump,12/4/2025,7,100.82,0.23,220.46,0.00939,True
pump,12/4/2025,8,96.5,0.32,220.92,0.00259,True
pump,12/4/2025,9,96.72,0.11,221.86,0.00819,True
pump,12/4/2025,10,99.97,0.3,220.7,0.0006,True
pump,12/4/2025,11,99.07,0.31,218.31,0.00669,True
pump,12/4/2025,12,95.25,0.34,220.33,0.00664,True
pump,12/4/2025,13,103.53,0.05,219.64,0.00683,True
pump,12/4/2025,14,96.41,0.3,218.76,0.00727,True
pump,12/4/2025,15,103.23,0.4,221.24,0.0034,True
pump,12/4/2025,16,95.57,0.09,220.48,0.00477,True
pump,12/4/2025,17,99.42,0.08,218.72,0.00711,True
pump,12/4/2025,18,99.08,0.23,221.93,0.00928,True
pump,12/4/2025,19,102.6,0.3,219.76,0.00239,True
pump,12/4/2025,20,98.67,0.34,220.96,0.00634,True
pump,12/4/2025,21,103.47,0.21,219.08,0.00489,True
pump,12/4/2025,22,95.33,0.08,221.31,0.00679,True
pump,12/4/2025,23,104.12,0.38,218.12,0.00016,True
pump,12/3/2025,0,98.91,0.3,218.82,0.00991,True
pump,12/3/2025,1,99.08,0.29,218.09,0.0072,True
pump,12/3/2025,2,101.53,0.1,219.88,0.00602,True
pump,12/3/2025,3,102.54,0.24,221.79,0.00932,True
pump,12/3/2025,4,99.11,0.17,221.22,0.00556,True
pump,12/3/2025,5,102.21,0.26,221.29,0.00654,True
pump,12/3/2025,6,98.08,0.37,221.46,0.00882,True
pump,12/3/2025,7,95.6,0.01,220.39,4e-05,True
pump,12/3/2025,8,95.46,0.35,218.2,0.00097,True
pump,12/3/2025,9,101.09,0.43,221.13,0.00932,True
pump,12/3/2025,10,103.91,0.04,219.86,0.00886,True
pump,12/3/2025,11,100.87,0.31,221.33,0.0084,True
pump,12/3/2025,12,102.47,0.18,221.75,0.00865,True
pump,12/3/2025,13,95.62,0.38,218.02,0.00238,True
pump,12/3/2025,14,95.72,0.02,220.36,0.00782,True
pump,12/3/2025,15,97.66,0.04,218.19,0.00212,True
pump,12/3/2025,16,98.75,0.26,221.9,0.00652,True
pump,12/3/2025,17,96.62,0.1,221.75,0.00219,True
pump,12/3/2025,18,103.07,0.43,219.03,0.00242,True
pump,12/3/2025,19,97.05,0.47,220.29,0.00379,True
pump,12/3/2025,20,101.11,0.19,221.9,0.00931,True
pump,12/3/2025,21,100.13,0.05,219.18,0.00129,True
pump,12/3/2025,22,96.75,0.3,219.44,0.00183,True
pump,12/3/2025,23,103.85,0.02,219.89,0.00662,True
pump,12/2/2025,0,101.65,0.32,219.09,0.00852,True
pump,12/2/2025,1,101.02,0.47,221.91,0.00688,True
pump,12/2/2025,2,99.01,0.05,220.82,0.00316,True
pump,12/2/2025,3,101.08,0.36,219.03,0.00574,True
pump,12/2/2025,4,100.49,0.02,220.32,0.00652,True
pump,12/2/2025,5,102.18,0.08,221.76,0.00283,True
pump,12/2/2025,6,99.65,0.21,220.75,0.00239,True
pump,12/2/2025,7,100.83,0.25,219.56,3e-05,True
pump,12/2/2025,8,96.54,0.47,220.67,0.00078,True
pump,12/2/2025,9,102.47,0.42,218.36,0.00547,True
pump,12/2/2025,10,95.82,0.09,221.04,0.00832,True
pump,12/2/2025,11,95.76,0.49,219.86,0.00087,True
pump,12/2/2025,12,97.85,0.23,218.41,0.0068,True
pump,12/2/2025,13,101.88,0.13,221.56,0.00201,True
pump,12/2/2025,14,102.71,0.44,219.86,0.00822,True
pump,12/2/2025,15,100.21,0.27,221.38,0.00827,True
pump,12/2/2025,16,98.8,0.22,219.4,0.00426,True
pump,12/2/2025,17,97.1,0.3,219.25,0.00094,True
pump,12/2/2025,18,104.5,0.03,218.8,0.00116,True
pump,12/2/2025,19,104.01,0.27,219.89,0.00147,True
pump,12/2/2025,20,99.96,0.1,221.09,0.00953,True
pump,12/2/2025,21,98.65,0.29,218.79,0.00161,True
pump,12/2/2025,22,104.53,0.11,220.29,0.00478,True
pump,12/2/2025,23,101.63,0.36,220.53,0.01,True
pump,12/1/2025,0,97.11,0.12,220.41,0.0062,True
pump,12/1/2025,1,103.52,0.07,218.82,0.00668,True
pump,12/1/2025,2,103.79,0.43,219.81,0.00654,True
pump,12/1/2025,3,99.69,0.38,218.11,0.0095,True
pump,12/1/2025,4,103.84,0.03,221.59,0.00556,True
pump,12/1/2025,5,95.62,0.1,218.72,0.00895,True
pump,12/1/2025,6,103.48,0.5,218.92,0.00511,True
pump,12/1/2025,7,102.58,0.03,219.54,0.00814,True
pump,12/1/2025,8,98.05,0.28,219.77,0.0081,True
pump,12/1/2025,9,96.61,0.12,220.46,0.00887,True
pump,12/1/2025,10,101.81,0.27,220.42,0.0011,True
pump,12/1/2025,11,96.37,0.38,219.28,0.00648,True
pump,12/1/2025,12,102.41,0.02,220.73,0.00369,True
pump,12/1/2025,13,101.44,0.39,219.8,0.0077,True
pump,12/1/2025,14,100.86,0.19,218.67,0.00297,True
pump,12/1/2025,15,97.76,0.17,218.94,0.00464,True
pump,12/1/2025,16,104.65,0.13,219.51,0.00472,True
pump,12/1/2025,17,100.6,0.34,218.03,0.00916,True
pump,12/1/2025,18,100.93,0.32,219.25,0.0081,True
pump,12/1/2025,19,98.05,0.09,218.0,0.00983,True
pump,12/1/2025,20,104.53,0.04,219.26,0.00063,True
pump,12/1/2025,21,98.59,0.13,221.73,0.00647,True
pump,12/1/2025,22,100.08,0.48,220.14,0.00765,True
pump,12/1/2025,23,101.14,0.46,218.18,0.00553,True
pump,11/30/2025,0,102.88,0.36,218.61,0.00718,True
pump,11/30/2025,1,99.08,0.21,219.41,0.00626,True
pump,11/30/2025,2,102.3,0.0,220.83,5e-05,True
pump,11/30/2025,3,96.24,0.45,219.5,0.00289,True
pump,11/30/2025,4,95.61,0.32,218.66,0.00862,True
pump,11/30/2025,5,97.43,0.23,221.16,0.00771,True
pump,11/30/2025,6,103.43,0.27,219.88,0.00472,True
pump,11/30/2025,7,96.06,0.02,218.2,9e-05,True
pump,11/30/2025,8,96.27,0.49,220.57,0.00025,True
pump,11/30/2025,9,101.76,0.19,219.45,0.00124,True
pump,11/30/2025,10,100.95,0.36,221.92,0.00364,True
pump,11/30/2025,11,97.15,0.49,221.53,0.00465,True
pump,11/30/2025,12,100.11,0.15,219.28,0.00699,True
pump,11/30/2025,13,98.37,0.11,219.03,0.00297,True
pump,11/30/2025,14,103.1,0.26,221.67,0.00211,True
pump,11/30/2025,15,101.61,0.33,219.71,0.00451,True
pump,11/30/2025,16,103.91,0.14,218.23,0.00176,True
pump,11/30/2025,17,99.78,0.34,220.84,0.0008,True
pump,11/30/2025,18,102.87,0.35,220.39,0.00567,True
pump,11/30/2025,19,98.72,0.47,220.36,0.00014,True
pump,11/30/2025,20,102.5,0.18,219.92,0.00145,True
pump,11/30/2025,21,101.49,0.14,219.34,0.00044,True
pump,11/30/2025,22,97.01,0.29,220.13,0.00131,True
pump,11/30/2025,23,101.53,0.07,220.38,0.00179,True
pump,11/29/2025,0,95.75,0.19,221.72,0.00728,True
pump,11/29/2025,1,97.3,0.43,220.09,0.00929,True
pump,11/29/2025,2,102.59,0.39,219.85,0.00921,True
pump,11/29/2025,3,99.16,0.08,219.44,0.00979,True
pump,11/29/2025,4,96.55,0.46,220.5,0.00501,True
pump,11/29/2025,5,96.67,0.43,218.58,0.001,True
pump,11/29/2025,6,103.65,0.1,221.39,0.00734,True
pump,11/29/2025,7,102.23,0.23,219.38,0.00257,True
pump,11/29/2025,8,103.35,0.25,219.43,0.00854,True
pump,11/29/2025,9,96.64,0.47,220.38,0.00988,True
pump,11/29/2025,10,103.32,0.05,219.7,0.0025,True
pump,11/29/2025,11,96.14,0.22,221.79,0.00224,True
pump,11/29/2025,12,104.28,0.34,218.92,0.00457,True
pump,11/29/2025,13,104.01,0.06,221.96,0.00238,True
pump,11/29/2025,14,97.78,0.27,219.57,0.00395,True
pump,11/29/2025,15,98.59,0.24,218.66,0.00429,True
pump,11/29/2025,16,102.89,0.43,221.99,0.00481,True
pump,11/29/2025,17,102.05,0.02,218.55,0.00768,True
pump,11/29/2025,18,98.06,0.47,218.37,0.00672,True
pump,11/29/2025,19,104.49,0.01,221.32,0.00751,True
pump,11/29/2025,20,100.76,0.48,221.13,0.00286,True
pump,11/29/2025,21,101.57,0.27,218.09,0.00436,True
pump,11/29/2025,22,103.13,0.01,221.8,0.00357,True
pump,11/29/2025,23,101.33,0.12,221.49,0.00227,True
pump,11/28/2025,0,96.11,0.25,219.91,0.00016,True
pump,11/28/2025,1,99.11,0.34,220.09,0.00895,True
pump,11/28/2025,2,96.5,0.21,220.37,0.00017,True
pump,11/28/2025,3,100.4,0.14,220.86,0.00818,True
pump,11/28/2025,4,100.13,0.04,218.36,0.00885,True
pump,11/28/2025,5,103.25,0.45,221.23,0.00712,True
pump,11/28/2025,6,100.18,0.4,219.32,0.00052,True
pump,11/28/2025,7,96.53,0.06,219.29,0.00969,True
pump,11/28/2025,8,98.13,0.16,221.13,0.00085,True
pump,11/28/2025,9,97.86,0.44,218.75,0.00476,True
pump,11/28/2025,10,99.79,0.32,220.45,0.00871,True
pump,11/28/2025,11,96.08,0.18,218.76,0.00804,True
pump,11/28/2025,12,103.89,0.43,221.64,0.00861,True
pump,11/28/2025,13,102.1,0.16,218.44,0.00318,True
pump,11/28/2025,14,101.55,0.32,221.35,0.00163,True
pump,11/28/2025,15,98.08,0.44,221.38,0.00337,True
pump,11/28/2025,16,99.37,0.44,221.13,0.00444,True
pump,11/28/2025,17,98.57,0.15,221.56,0.00541,True
pump,11/28/2025,18,99.16,0.07,218.02,0.0046,True
pump,11/28/2025,19,98.55,0.38,221.34,0.00971,True
pump,11/28/2025,20,99.08,0.32,218.34,0.00363,True
pump,11/28/2025,21,98.93,0.38,220.2,0.00856,True
pump,11/28/2025,22,100.79,0.1,219.87,0.00251,True
pump,11/28/2025,23,103.97,0.5,220.53,0.00105,True
pump,11/27/2025,0,95.93,0.24,220.44,0.00909,True
pump,11/27/2025,1,97.13,0.24,218.95,0.00317,True
pump,11/27/2025,2,98.21,0.06,219.13,0.00024,True
pump,11/27/2025,3,97.87,0.29,218.62,0.00915,True
pump,11/27/2025,4,99.62,0.08,219.99,0.00402,True
pump,11/27/2025,5,104.25,0.01,219.72,0.00367,True
pump,11/27/2025,6,102.02,0.36,220.34,0.00785,True
pump,11/27/2025,7,100.85,0.14,221.0,0.0003,True
pump,11/27/2025,8,101.91,0.24,218.53,0.00868,True
pump,11/27/2025,9,101.7,0.49,218.69,0.00264,True
pump,11/27/2025,10,98.23,0.32,221.78,0.00806,True
pump,11/27/2025,11,100.1,0.05,221.36,0.00532,True
pump,11/27/2025,12,96.12,0.48,220.33,0.00818,True
pump,11/27/2025,13,104.11,0.01,218.37,0.00146,True
pump,11/27/2025,14,104.0,0.36,221.68,0.0054,True
pump,11/27/2025,15,97.45,0.42,219.92,0.00273,True
pump,11/27/2025,16,98.68,0.25,221.36,0.00973,True
pump,11/27/2025,17,102.36,0.14,219.86,0.00609,True
pump,11/27/2025,18,95.93,0.09,220.15,0.00055,True
pump,11/27/2025,19,104.99,0.02,221.14,0.00099,True
pump,11/27/2025,20,102.2,0.18,219.26,0.00608,True
pump,11/27/2025,21,98.59,0.35,221.92,0.00569,True
pump,11/27/2025,22,97.34,0.32,221.63,0.00069,True
pump,11/27/2025,23,104.58,0.48,220.68,0.00553,True
pump,11/26/2025,0,100.19,0.38,221.7,0.00475,True
pump,11/26/2025,1,99.62,0.37,220.34,0.0061,True
pump,11/26/2025,2,103.53,0.27,218.93,0.00621,True
pump,11/26/2025,3,104.9,0.19,220.7,0.00243,True
pump,11/26/2025,4,99.94,0.29,220.71,0.00248,True
pump,11/26/2025,5,96.84,0.24,218.59,0.0072,True
pump,11/26/2025,6,100.4,0.45,220.1,7e-05,True
pump,11/26/2025,7,100.27,0.47,220.78,0.00019,True
pump,11/26/2025,8,100.82,0.44,219.04,0.00513,True
pump,11/26/2025,9,104.65,0.39,219.42,0.00178,True
pump,11/26/2025,10,97.15,0.4,220.57,0.00416,True
pump,11/26/2025,11,98.28,0.41,219.73,0.00767,True
pump,11/26/2025,12,99.7,0.25,221.0,0.00716,True
pump,11/26/2025,13,101.35,0.14,218.84,0.00628,True
pump,11/26/2025,14,102.72,0.41,218.82,0.00354,True
pump,11/26/2025,15,100.78,0.24,218.77,0.0035,True
pump,11/26/2025,16,96.46,0.23,219.03,0.00659,True
pump,11/26/2025,17,97.82,0.19,218.13,0.00172,True
pump,11/26/2025,18,104.84,0.06,221.93,0.00887,True
pump,11/26/2025,19,104.35,0.1,221.55,0.00471,True
pump,11/26/2025,20,103.43,0.31,219.62,0.009,True
pump,11/26/2025,21,104.08,0.5,218.93,0.0063,True
pump,11/26/2025,22,100.64,0.17,221.1,0.00203,True
pump,11/26/2025,23,95.51,0.02,221.76,0.00749,True
pump,11/25/2025,0,103.4,0.24,220.23,0.00862,True
pump,11/25/2025,1,104.85,0.12,218.3,0.00918,True
pump,11/25/2025,2,104.22,0.21,221.2,0.00257,True
pump,11/25/2025,3,95.26,0.22,218.35,0.00869,True
pump,11/25/2025,4,104.21,0.17,218.62,0.00421,True
pump,11/25/2025,5,97.66,0.25,220.39,0.00497,True
pump,11/25/2025,6,95.61,0.24,218.44,0.00236,True
pump,11/25/2025,7,97.94,0.29,220.9,0.00625,True
pump,11/25/2025,8,97.69,0.22,221.98,0.00989,True
pump,11/25/2025,9,100.85,0.3,218.17,0.00877,True
pump,11/25/2025,10,99.07,0.22,220.54,0.00877,True
pump,11/25/2025,11,99.95,0.2,220.55,0.00932,True
pump,11/25/2025,12,102.56,0.22,219.12,0.00176,True
pump,11/25/2025,13,103.91,0.05,220.37,0.00157,True
pump,11/25/2025,14,100.58,0.15,218.15,0.00488,True
pump,11/25/2025,15,95.37,0.43,220.84,0.00101,True
pump,11/25/2025,16,102.01,0.35,220.12,0.009,True
pump,11/25/2025,17,102.02,0.16,218.16,0.00597,True
pump,11/25/2025,18,95.45,0.39,221.44,0.0074,True
pump,11/25/2025,19,102.23,0.31,219.05,0.00024,True
pump,11/25/2025,20,97.08,0.12,220.01,0.00429,True
pump,11/25/2025,21,99.83,0.45,219.13,0.00753,True
pump,11/25/2025,22,101.94,0.21,219.17,0.00111,True
pump,11/25/2025,23,97.18,0.11,221.02,0.00469,True
pump,11/24/2025,0,103.9,0.34,221.98,0.0083,True
pump,11/24/2025,1,96.8,0.41,219.76,0.00867,True
pump,11/24/2025,2,96.74,0.45,221.67,0.00574,True
pump,11/24/2025,3,96.05,0.31,219.58,0.00958,True
pump,11/24/2025,4,99.36,0.23,219.9,0.00727,True
pump,11/24/2025,5,97.77,0.0,221.54,0.00769,True
pump,11/24/2025,6,99.22,0.35,220.01,0.00539,True
pump,11/24/2025,7,95.46,0.4,221.52,0.00979,True
pump,11/24/2025,8,97.77,0.34,220.24,0.00835,True
pump,11/24/2025,9,103.55,0.29,218.72,0.00694,True
pump,11/24/2025,10,102.1,0.43,221.76,0.00275,True
pump,11/24/2025,11,101.73,0.27,218.66,0.00764,True
pump,11/24/2025,12,98.74,0.38,221.17,0.00062,True
pump,11/24/2025,13,103.51,0.4,221.65,0.00959,True
pump,11/24/2025,14,96.16,0.38,219.91,0.00711,True
pump,11/24/2025,15,100.51,0.28,220.77,0.00721,True
pump,11/24/2025,16,103.65,0.24,220.33,0.00705,True
pump,11/24/2025,17,102.13,0.06,221.73,0.0047,True
pump,11/24/2025,18,102.62,0.01,219.49,0.00624,True
pump,11/24/2025,19,96.31,0.37,219.37,0.00172,True
pump,11/24/2025,20,97.86,0.39,218.24,0.00736,True
pump,11/24/2025,21,100.72,0.35,220.41,0.0021,True
pump,11/24/2025,22,96.16,0.28,219.82,0.00816,True
pump,11/24/2025,23,104.63,0.04,221.74,0.00717,True
pump,11/23/2025,0,98.05,0.39,221.55,0.00418,True
pump,11/23/2025,1,97.31,0.26,218.06,0.00784,True
pump,11/23/2025,2,96.13,0.37,220.79,0.00073,True
pump,11/23/2025,3,98.05,0.36,220.7,0.00798,True
pump,11/23/2025,4,101.26,0.21,218.54,0.00455,True
pump,11/23/2025,5,104.28,0.45,221.31,0.00692,True
pump,11/23/2025,6,102.58,0.16,221.18,0.00301,True
pump,11/23/2025,7,96.5,0.08,219.31,0.00182,True
pump,11/23/2025,8,103.49,0.28,218.84,0.00484,True
pump,11/23/2025,9,102.55,0.45,218.08,0.00271,True
pump,11/23/2025,10,98.27,0.17,219.08,0.00521,True
pump,11/23/2025,11,101.66,0.04,221.9,0.00203,True
pump,11/23/2025,12,96.07,0.28,221.03,0.00041,True
pump,11/23/2025,13,97.94,0.13,221.6,0.00391,True
pump,11/23/2025,14,104.3,0.23,218.98,0.0007,True
pump,11/23/2025,15,100.99,0.44,220.42,0.00239,True
pump,11/23/2025,16,100.34,0.38,220.89,0.00446,True
pump,11/23/2025,17,100.79,0.03,218.39,0.00768,True
pump,11/23/2025,18,104.72,0.48,218.34,1e-05,True
pump,11/23/2025,19,97.2,0.12,220.71,0.00772,True
pump,11/23/2025,20,100.43,0.37,219.35,0.00334,True
pump,11/23/2025,21,96.25,0.36,219.08,0.00053,True
pump,11/23/2025,22,95.33,0.15,218.78,0.00443,True
pump,11/23/2025,23,100.83,0.28,221.26,0.008,True
pump,11/22/2025,0,103.46,0.13,220.64,0.00522,True
pump,11/22/2025,1,98.31,0.24,218.12,0.00214,True
pump,11/22/2025,2,103.07,0.22,218.22,0.00537,True
pump,11/22/2025,3,95.55,0.24,218.61,2e-05,True
pump,11/22/2025,4,97.31,0.01,219.17,0.00163,True
pump,11/22/2025,5,95.39,0.41,219.95,0.00635,True
pump,11/22/2025,6,100.57,0.25,220.13,0.00804,True
pump,11/22/2025,7,102.81,0.02,219.0,0.00954,True
pump,11/22/2025,8,96.03,0.05,218.12,0.00843,True
pump,11/22/2025,9,101.55,0.15,219.66,0.00128,True
pump,11/22/2025,10,103.08,0.08,220.97,0.00617,True
pump,11/22/2025,11,100.22,0.16,218.6,0.0052,True
pump,11/22/2025,12,95.73,0.14,220.69,0.0048,True
pump,11/22/2025,13,98.02,0.28,218.61,0.0025,True
pump,11/22/2025,14,104.92,0.32,220.0,0.00443,True
pump,11/22/2025,15,97.02,0.04,218.32,0.00503,True
pump,11/22/2025,16,99.7,0.17,221.27,0.00812,True
pump,11/22/2025,17,101.74,0.18,219.67,0.00067,True
pump,11/22/2025,18,97.47,0.48,218.28,0.00635,True
pump,11/22/2025,19,98.32,0.48,219.66,0.00703,True
pump,11/22/2025,20,95.32,0.44,219.05,0.00281,True
pump,11/22/2025,21,95.58,0.4,218.43,0.00395,True
pump,11/22/2025,22,97.74,0.33,218.88,0.00428,True
pump,11/22/2025,23,101.17,0.33,220.4,0.00157,True
pump,11/21/2025,0,101.25,0.29,221.06,0.0025,True
pump,11/21/2025,1,97.75,0.26,221.61,0.00772,True
pump,11/21/2025,2,96.51,0.28,218.65,0.00853,True
pump,11/21/2025,3,103.14,0.26,219.32,0.00654,True
pump,11/21/2025,4,98.94,0.39,220.7,0.0098,True
pump,11/21/2025,5,96.46,0.46,218.8,0.00843,True
pump,11/21/2025,6,101.89,0.1,221.23,0.00252,True
pump,11/21/2025,7,97.39,0.16,221.89,0.00598,True
pump,11/21/2025,8,100.64,0.16,221.38,0.00156,True
pump,11/21/2025,9,95.7,0.08,218.23,0.00878,True
pump,11/21/2025,10,104.63,0.23,218.41,0.00636,True
pump,11/21/2025,11,104.96,0.46,220.42,0.0017,True
pump,11/21/2025,12,96.18,0.26,219.23,0.00799,True
pump,11/21/2025,13,99.34,0.5,220.53,0.00796,True
pump,11/21/2025,14,101.07,0.07,220.9,0.00465,True
pump,11/21/2025,15,101.69,0.19,221.8,0.00182,True
pump,11/21/2025,16,104.95,0.22,219.43,0.00499,True
pump,11/21/2025,17,100.08,0.17,220.38,0.00809,True
pump,11/21/2025,18,98.0,0.45,218.3,0.00563,True
pump,11/21/2025,19,102.55,0.21,219.74,0.00302,True
pump,11/21/2025,20,96.12,0.23,219.82,0.00183,True
pump,11/21/2025,21,97.13,0.48,221.94,0.00852,True
pump,11/21/2025,22,96.59,0.33,220.66,0.00429,True
pump,11/21/2025,23,102.23,0.15,220.59,0.00643,True
pump,11/20/2025,0,103.59,0.25,218.86,0.00444,True
pump,11/20/2025,1,100.67,0.13,218.94,0.00131,True
pump,11/20/2025,2,97.57,0.43,219.43,0.00033,True
pump,11/20/2025,3,96.05,0.5,220.84,0.00901,True
pump,11/20/2025,4,99.14,0.15,218.44,0.00866,True
pump,11/20/2025,5,99.27,0.32,220.2,0.00219,True
pump,11/20/2025,6,99.47,0.17,218.37,0.00462,True
pump,11/20/2025,7,101.05,0.35,220.99,0.00737,True
pump,11/20/2025,8,98.47,0.1,220.48,0.00391,True
pump,11/20/2025,9,102.67,0.32,219.87,0.0027,True
pump,11/20/2025,10,98.09,0.4,220.83,0.00889,True
pump,11/20/2025,11,101.46,0.27,221.34,0.00968,True
pump,11/20/2025,12,99.78,0.42,221.51,0.00054,True
pump,11/20/2025,13,98.63,0.27,221.18,0.00781,True
pump,11/20/2025,14,98.9,0.41,219.75,0.00771,True
pump,11/20/2025,15,98.5,0.1,218.86,0.00235,True
pump,11/20/2025,16,100.07,0.36,218.2,0.00481,True
pump,11/20/2025,17,97.72,0.12,219.12,0.00605,True
pump,11/20/2025,18,104.26,0.41,218.62,0.00427,True
pump,11/20/2025,19,101.77,0.13,221.54,0.0079,True
pump,11/20/2025,20,97.88,0.05,218.56,0.00394,True
pump,11/20/2025,21,98.82,0.38,218.26,0.00985,True
pump,11/20/2025,22,95.76,0.3,218.19,0.0013,True
pump,11/20/2025,23,101.6,0.05,219.86,0.00236,True
pump,11/19/2025,0,104.68,0.37,221.25,0.00063,True
pump,11/19/2025,1,96.13,0.36,218.47,0.00111,True
pump,11/19/2025,2,100.04,0.4,221.63,0.00947,True
pump,11/19/2025,3,95.29,0.08,220.0,0.00454,True
pump,11/19/2025,4,103.21,0.06,220.55,0.00157,True
pump,11/19/2025,5,97.46,0.11,218.42,0.00807,True
pump,11/19/2025,6,104.46,0.19,220.31,0.00161,True
pump,11/19/2025,7,100.96,0.49,220.87,0.00343,True
pump,11/19/2025,8,98.1,0.4,221.93,0.00614,True
pump,11/19/2025,9,99.53,0.17,218.83,0.00695,True
pump,11/19/2025,10,99.17,0.21,218.49,0.00426,True
pump,11/19/2025,11,102.43,0.14,219.41,0.00994,True
pump,11/19/2025,12,103.15,0.27,218.82,0.00315,True
pump,11/19/2025,13,104.96,0.08,220.09,0.00185,True
pump,11/19/2025,14,103.1,0.28,219.3,0.00226,True
pump,11/19/2025,15,98.87,0.23,218.0,0.00327,True
pump,11/19/2025,16,97.7,0.43,218.04,0.00058,True
pump,11/19/2025,17,99.02,0.44,221.09,0.00879,True
pump,11/19/2025,18,97.58,0.06,219.26,0.00936,True
pump,11/19/2025,19,97.74,0.31,219.61,0.00534,True
pump,11/19/2025,20,96.57,0.28,218.84,0.00323,True
pump,11/19/2025,21,102.84,0.14,218.78,0.00045,True
pump,11/19/2025,22,100.49,0.26,219.04,0.00405,True
pump,11/19/2025,23,100.3,0.21,220.09,0.00907,True
pump,11/18/2025,0,104.17,0.29,219.16,0.00851,True
pump,11/18/2025,1,96.92,0.25,220.55,0.00583,True
pump,11/18/2025,2,104.11,0.38,219.99,0.0059,True
pump,11/18/2025,3,100.92,0.32,220.88,0.00533,True
pump,11/18/2025,4,101.65,0.16,221.82,0.00473,True
pump,11/18/2025,5,103.23,0.14,221.78,0.00362,True
pump,11/18/2025,6,96.75,0.22,219.99,0.00536,True
pump,11/18/2025,7,102.95,0.48,219.77,0.00724,True
pump,11/18/2025,8,100.91,0.1,219.06,0.00885,True
pump,11/18/2025,9,97.98,0.32,220.81,0.00587,True
pump,11/18/2025,10,95.45,0.18,218.37,0.00016,True
pump,11/18/2025,11,95.78,0.28,221.43,0.0048,True
pump,11/18/2025,12,95.84,0.24,221.88,0.00709,True
pump,11/18/2025,13,101.85,0.47,220.23,0.00669,True
pump,11/18/2025,14,101.43,0.4,219.24,0.00845,True
pump,11/18/2025,15,95.93,0.04,219.49,0.00064,True
pump,11/18/2025,16,97.7,0.21,219.19,0.00717,True
pump,11/18/2025,17,99.85,0.41,220.66,0.00778,True
pump,11/18/2025,18,95.47,0.44,218.8,0.00174,True
pump,11/18/2025,19,98.01,0.41,219.18,0.00234,True
pump,11/18/2025,20,98.92,0.32,218.3,0.00834,True
pump,11/18/2025,21,97.65,0.19,218.3,0.00148,True
pump,11/18/2025,22,100.97,0.26,219.25,0.00047,True
pump,11/18/2025,23,102.83,0.04,220.05,0.00472,True
pump,11/17/2025,0,97.14,0.11,219.48,0.00574,True
pump,11/17/2025,1,101.09,0.45,219.9,0.00189,True
pump,11/17/2025,2,99.97,0.12,219.72,0.00222,True
pump,11/17/2025,3,103.86,0.16,218.41,0.0054,True
pump,11/17/2025,4,104.19,0.46,221.98,0.00698,True
pump,11/17/2025,5,102.16,0.02,220.4,0.00386,True
pump,11/17/2025,6,95.39,0.4,218.38,0.00909,True
pump,11/17/2025,7,97.97,0.34,221.14,0.00892,True
pump,11/17/2025,8,101.18,0.43,219.13,0.00819,True
pump,11/17/2025,9,104.59,0.41,218.22,0.00248,True
pump,11/17/2025,10,102.0,0.47,219.7,0.00219,True
pump,11/17/2025,11,100.97,0.12,220.19,0.00445,True
pump,11/17/2025,12,99.31,0.09,218.71,0.00221,True
pump,11/17/2025,13,98.26,0.02,221.73,0.00159,True
pump,11/17/2025,14,102.5,0.16,219.91,0.00804,True
pump,11/17/2025,15,101.02,0.17,221.33,0.00927,True
pump,11/17/2025,16,97.09,0.27,219.53,0.00571,True
pump,11/17/2025,17,103.54,0.42,221.6,0.00219,True
pump,11/17/2025,18,104.94,0.37,220.32,0.00967,True
pump,11/17/2025,19,101.13,0.34,218.12,0.0002,True
pump,11/17/2025,20,104.54,0.03,220.61,0.00159,True
pump,11/17/2025,21,96.05,0.1,220.08,0.00884,True
pump,11/17/2025,22,104.52,0.1,220.68,0.00511,True
pump,11/17/2025,23,101.99,0.44,220.45,0.00016,True
pump,11/16/2025,0,100.77,0.2,219.59,0.00406,True
pump,11/16/2025,1,97.56,0.01,218.26,0.00804,True
pump,11/16/2025,2,101.03,0.33,218.68,0.00742,True
pump,11/16/2025,3,97.53,0.23,218.24,0.00705,True
pump,11/16/2025,4,104.13,0.15,219.54,0.00239,True
pump,11/16/2025,5,95.3,0.02,219.08,0.00817,True
pump,11/16/2025,6,103.34,0.35,218.02,0.00308,True
pump,11/16/2025,7,102.31,0.39,219.34,0.00899,True
pump,11/16/2025,8,103.83,0.24,218.99,0.00637,True
pump,11/16/2025,9,100.37,0.13,221.11,0.00378,True
pump,11/16/2025,10,95.64,0.44,218.94,0.00446,True
pump,11/16/2025,11,100.89,0.14,221.01,0.00739,True
pump,11/16/2025,12,103.33,0.3,220.8,0.0044,True
pump,11/16/2025,13,96.07,0.32,221.28,0.0038,True
pump,11/16/2025,14,97.05,0.22,219.7,0.0076,True
pump,11/16/2025,15,97.55,0.32,220.38,0.00647,True
pump,11/16/2025,16,104.46,0.44,221.88,0.00064,True
pump,11/16/2025,17,103.86,0.07,221.66,0.00406,True
pump,11/16/2025,18,102.02,0.03,218.59,0.00629,True
pump,11/16/2025,19,100.63,0.06,219.6,0.00752,True
pump,11/16/2025,20,102.26,0.11,220.63,0.00684,True
pump,11/16/2025,21,101.88,0.33,220.16,0.00121,True
pump,11/16/2025,22,99.9,0.22,218.14,0.0052,True
pump,11/16/2025,23,97.81,0.18,221.63,0.00396,True
pump,11/15/2025,0,96.38,0.18,218.43,0.00353,True
pump,11/15/2025,1,99.81,0.26,219.38,0.00157,True
pump,11/15/2025,2,101.02,0.22,219.58,0.00865,True
pump,11/15/2025,3,97.0,0.2,220.45,0.00887,True
pump,11/15/2025,4,95.44,0.37,220.11,0.0052,True
pump,11/15/2025,5,101.77,0.44,220.73,0.00756,True
pump,11/15/2025,6,96.07,0.04,220.94,0.00251,True
pump,11/15/2025,7,97.58,0.35,220.12,0.00297,True
pump,11/15/2025,8,103.14,0.09,221.79,0.0037,True
pump,11/15/2025,9,100.12,0.15,219.08,0.00087,True
pump,11/15/2025,10,99.4,0.42,220.9,0.00309,True
pump,11/15/2025,11,101.95,0.09,219.59,0.0035,True
pump,11/15/2025,12,95.92,0.17,220.89,0.00774,True
pump,11/15/2025,13,98.42,0.34,219.63,0.00419,True
pump,11/15/2025,14,102.06,0.15,219.56,0.0056,True
pump,11/15/2025,15,101.31,0.47,221.01,0.0059,True
pump,11/15/2025,16,99.0,0.3,221.62,0.00582,True
pump,11/15/2025,17,99.62,0.03,220.31,0.00267,True
pump,11/15/2025,18,101.92,0.2,218.04,0.0049,True
pump,11/15/2025,19,101.8,0.47,220.75,0.00119,True
pump,11/15/2025,20,96.34,0.17,220.45,0.00659,True
pump,11/15/2025,21,101.9,0.26,220.5,0.00616,True
pump,11/15/2025,22,103.19,0.12,218.25,0.00295,True
pump,11/15/2025,23,97.87,0.08,220.63,0.00204,True
pump,11/14/2025,0,101.46,0.23,220.28,0.00599,True
pump,11/14/2025,1,104.12,0.33,218.0,0.00903,True
pump,11/14/2025,2,100.57,0.41,219.17,0.00185,True
pump,11/14/2025,3,99.61,0.44,221.25,0.00571,True
pump,11/14/2025,4,98.28,0.24,220.84,9e-05,True
pump,11/14/2025,5,102.36,0.44,220.77,0.00722,True
pump,11/14/2025,6,99.35,0.28,221.47,0.00825,True
pump,11/14/2025,7,97.46,0.05,220.72,0.00633,True
pump,11/14/2025,8,103.12,0.49,221.23,0.00091,True
pump,11/14/2025,9,98.46,0.1,221.34,0.00747,True
pump,11/14/2025,10,101.55,0.46,220.77,0.00294,True
pump,11/14/2025,11,104.92,0.23,221.02,0.00401,True
pump,11/14/2025,12,102.34,0.19,218.6,0.00121,True
pump,11/14/2025,13,97.49,0.34,218.62,0.0052,True
pump,11/14/2025,14,100.66,0.44,219.57,0.00428,True
pump,11/14/2025,15,95.41,0.24,218.97,0.0029,True
pump,11/14/2025,16,102.96,0.18,219.71,0.00899,True
pump,11/14/2025,17,101.73,0.05,219.76,0.00492,True
pump,11/14/2025,18,100.11,0.34,219.11,0.00372,True
pump,11/14/2025,19,102.56,0.27,220.95,0.00826,True
pump,11/14/2025,20,100.63,0.36,221.08,0.00896,True
pump,11/14/2025,21,96.9,0.28,218.6,0.00881,True
pump,11/14/2025,22,96.83,0.47,218.67,0.00325,True
pump,11/14/2025,23,97.18,0.35,218.71,0.00116,True
pump,11/13/2025,0,100.79,0.15,220.45,0.00293,True
pump,11/13/2025,1,104.94,0.5,220.12,0.00118,True
pump,11/13/2025,2,104.36,0.33,219.58,0.00089,True
pump,11/13/2025,3,99.52,0.32,219.99,0.0051,True
pump,11/13/2025,4,102.4,0.14,220.52,0.00052,True
pump,11/13/2025,5,100.03,0.16,218.25,0.00962,True
pump,11/13/2025,6,102.59,0.02,221.0,0.00365,True
pump,11/13/2025,7,97.66,0.11,220.1,0.00139,True
pump,11/13/2025,8,98.08,0.11,220.46,0.00255,True
pump,11/13/2025,9,104.93,0.12,221.65,0.00579,True
pump,11/13/2025,10,101.8,0.12,219.55,0.00718,True
pump,11/13/2025,11,103.1,0.31,221.29,0.00051,True
pump,11/13/2025,12,99.79,0.26,219.31,0.00969,True
pump,11/13/2025,13,98.26,0.33,218.52,0.00935,True
pump,11/13/2025,14,98.85,0.44,220.76,0.00721,True
pump,11/13/2025,15,100.1,0.46,220.22,0.00638,True
pump,11/13/2025,16,100.96,0.11,219.38,0.00304,True
pump,11/13/2025,17,99.27,0.49,221.79,0.00897,True
pump,11/13/2025,18,100.82,0.44,218.07,0.0053,True
pump,11/13/2025,19,103.57,0.27,218.22,0.00913,True
pump,11/13/2025,20,103.89,0.47,220.82,0.00266,True
pump,11/13/2025,21,103.27,0.24,219.1,0.00751,True
pump,11/13/2025,22,104.44,0.14,221.74,0.00843,True
pump,11/13/2025,23,104.64,0.35,218.1,0.00947,True
pump,11/12/2025,0,95.13,0.09,221.88,0.00215,True
pump,11/12/2025,1,97.98,0.26,220.71,0.00205,True
pump,11/12/2025,2,104.34,0.16,221.64,0.00661,True
pump,11/12/2025,3,100.54,0.44,218.88,0.00236,True
pump,11/12/2025,4,97.86,0.37,220.37,0.00681,True
pump,11/12/2025,5,95.19,0.39,220.78,0.00118,True
pump,11/12/2025,6,96.07,0.01,218.28,0.00334,True
pump,11/12/2025,7,99.99,0.11,218.86,0.00525,True
pump,11/12/2025,8,95.94,0.36,220.83,0.00731,True
pump,11/12/2025,9,104.59,0.4,220.79,0.0003,True
pump,11/12/2025,10,98.94,0.3,219.71,0.00276,True
pump,11/12/2025,11,102.93,0.24,218.35,0.00135,True
pump,11/12/2025,12,96.83,0.03,218.0,0.00261,True
pump,11/12/2025,13,102.27,0.12,218.23,0.00833,True
pump,11/12/2025,14,96.27,0.29,221.5,0.00672,True
pump,11/12/2025,15,102.09,0.33,221.87,0.00114,True
pump,11/12/2025,16,95.02,0.16,219.41,0.00791,True
pump,11/12/2025,17,95.18,0.45,219.76,0.00654,True
pump,11/12/2025,18,97.18,0.18,220.68,0.00292,True
pump,11/12/2025,19,99.11,0.26,220.38,0.00557,True
pump,11/12/2025,20,101.25,0.35,219.4,0.00735,True
pump,11/12/2025,21,102.14,0.04,220.67,0.00753,True
pump,11/12/2025,22,103.28,0.18,220.73,0.00659,True
pump,11/12/2025,23,99.13,0.43,221.65,0.00543,True
pump,11/11/2025,0,97.38,0.21,218.09,0.0068,True
pump,11/11/2025,1,102.44,0.06,221.54,0.00168,True
pump,11/11/2025,2,101.83,0.07,220.33,0.00966,True
pump,11/11/2025,3,100.94,0.25,220.83,0.00837,True
pump,11/11/2025,4,97.52,0.3,220.2,0.00566,True
pump,11/11/2025,5,97.36,0.24,218.16,0.00659,True
pump,11/11/2025,6,98.9,0.1,219.7,0.00255,True
pump,11/11/2025,7,104.8,0.02,221.58,0.00821,True
pump,11/11/2025,8,102.49,0.28,218.07,0.00447,True
pump,11/11/2025,9,95.46,0.03,220.13,0.00092,True
pump,11/11/2025,10,101.21,0.36,221.42,4e-05,True
pump,11/11/2025,11,104.1,0.36,218.6,0.00568,True
pump,11/11/2025,12,99.64,0.27,218.95,0.00256,True
pump,11/11/2025,13,103.92,0.31,221.51,0.00524,True
pump,11/11/2025,14,101.44,0.43,218.39,0.00539,True
pump,11/11/2025,15,100.91,0.33,218.94,0.00086,True
pump,11/11/2025,16,96.81,0.44,219.66,0.00467,True
pump,11/11/2025,17,97.73,0.06,218.58,0.00062,True
pump,11/11/2025,18,96.0,0.36,218.24,0.00617,True
pump,11/11/2025,19,104.95,0.08,221.47,0.00402,True
pump,11/11/2025,20,101.75,0.48,218.91,0.00332,True
pump,11/11/2025,21,97.75,0.27,221.19,0.00464,True
pump,11/11/2025,22,96.17,0.29,221.9,0.00825,True
pump,11/11/2025,23,103.29,0.33,219.01,0.00475,True
pump,11/10/2025,0,103.44,0.39,218.89,0.0056,True
pump,11/10/2025,1,97.42,0.25,221.74,0.0022,True
pump,11/10/2025,2,99.28,0.06,221.86,0.00132,True
pump,11/10/2025,3,96.23,0.1,220.11,0.00803,True
pump,11/10/2025,4,102.43,0.5,220.1,0.00463,True
pump,11/10/2025,5,102.37,0.03,219.91,0.00672,True
pump,11/10/2025,6,101.79,0.17,218.43,0.00332,True
pump,11/10/2025,7,98.77,0.47,220.66,0.00067,True
pump,11/10/2025,8,97.67,0.19,221.75,0.00969,True
pump,11/10/2025,9,98.0,0.37,219.83,0.00953,True
pump,11/10/2025,10,103.86,0.34,220.19,0.00636,True
pump,11/10/2025,11,104.3,0.33,220.91,0.00928,True
pump,11/10/2025,12,96.43,0.2,218.31,0.00039,True
pump,11/10/2025,13,96.57,0.15,219.07,0.0074,True
pump,11/10/2025,14,101.38,0.08,218.37,0.00397,True
pump,11/10/2025,15,102.16,0.24,218.3,6e-05,True
pump,11/10/2025,16,95.05,0.19,219.04,0.00589,True
pump,11/10/2025,17,103.26,0.29,218.31,0.00848,True
pump,11/10/2025,18,97.31,0.36,218.79,0.00085,True
pump,11/10/2025,19,104.94,0.15,221.0,0.00109,True
pump,11/10/2025,20,104.59,0.07,218.14,0.00654,True
pump,11/10/2025,21,100.07,0.39,221.3,0.00514,True
pump,11/10/2025,22,102.96,0.3,218.47,0.00219,True
pump,11/10/2025,23,95.25,0.34,220.97,0.00499,True
pump,11/9/2025,0,103.33,0.06,218.4,0.0033,True
pump,11/9/2025,1,103.77,0.29,221.21,0.00364,True
pump,11/9/2025,2,102.63,0.19,221.56,0.00392,True
pump,11/9/2025,3,104.71,0.27,221.49,0.00867,True
pump,11/9/2025,4,96.86,0.5,218.05,0.00225,True
pump,11/9/2025,5,99.94,0.29,221.35,0.00147,True
pump,11/9/2025,6,95.76,0.4,218.79,0.00232,True
pump,11/9/2025,7,96.43,0.15,219.32,0.00864,True
pump,11/9/2025,8,100.6,0.08,218.41,0.00082,True
pump,11/9/2025,9,100.46,0.21,219.94,0.00236,True
pump,11/9/2025,10,96.84,0.22,219.01,0.00545,True
pump,11/9/2025,11,99.15,0.47,219.14,0.0059,True
pump,11/9/2025,12,98.59,0.46,218.74,0.00935,True
pump,11/9/2025,13,104.78,0.37,221.09,0.00967,True
pump,11/9/2025,14,101.96,0.43,218.79,0.00289,True
pump,11/9/2025,15,100.11,0.02,219.0,0.00235,True
pump,11/9/2025,16,99.38,0.03,220.06,0.00499,True
pump,11/9/2025,17,101.9,0.06,218.83,0.00976,True
pump,11/9/2025,18,95.42,0.44,218.81,0.00457,True
pump,11/9/2025,19,103.6,0.12,221.96,0.00935,True
pump,11/9/2025,20,101.62,0.31,219.7,0.00816,True
pump,11/9/2025,21,97.58,0.36,218.87,0.00483,True
pump,11/9/2025,22,99.42,0.29,218.97,0.00545,True
pump,11/9/2025,23,97.87,0.08,219.07,0.00555,True
bell,12/8/2025,0,13.34,0.24,219.51,0.00044,True
bell,12/8/2025,1,11.03,0.25,218.04,0.00964,True
bell,12/8/2025,2,6.41,0.44,221.46,0.00896,True
bell,12/8/2025,3,9.89,0.07,221.81,0.00353,True
bell,12/8/2025,4,8.61,0.1,220.5,0.00913,True
bell,12/8/2025,5,14.34,0.17,218.34,0.0041,True
bell,12/8/2025,6,8.24,0.37,219.14,0.00395,True
bell,12/8/2025,7,13.97,0.16,218.3,0.00249,True
bell,12/8/2025,8,5.19,0.23,219.62,0.00343,True
bell,12/8/2025,9,14.69,0.36,219.87,0.0064,True
bell,12/8/2025,10,10.28,0.21,218.24,0.00564,True
bell,12/8/2025,11,13.33,0.19,220.51,0.00716,True
bell,12/8/2025,12,8.84,0.08,218.59,0.00345,True
bell,12/8/2025,13,13.16,0.38,219.36,0.00857,True
bell,12/8/2025,14,8.28,0.48,220.33,0.00191,True
bell,12/8/2025,15,6.69,0.39,220.07,0.00861,True
bell,12/8/2025,16,9.1,0.11,218.16,0.00895,True
bell,12/8/2025,17,14.3,0.07,220.91,0.00085,True
bell,12/8/2025,18,13.07,0.41,218.59,0.00755,True
bell,12/8/2025,19,11.7,0.31,219.24,0.00572,True
bell,12/8/2025,20,14.01,0.27,221.05,0.00794,True
bell,12/8/2025,21,9.01,0.49,218.4,0.00466,True
bell,12/8/2025,22,10.57,0.29,220.11,0.00012,True
bell,12/8/2025,23,13.64,0.44,221.02,0.00886,True
bell,12/7/2025,0,9.04,0.17,220.87,0.00066,True
bell,12/7/2025,1,7.53,0.31,218.53,5e-05,True
bell,12/7/2025,2,13.78,0.25,220.79,0.00833,True
bell,12/7/2025,3,13.96,0.25,221.35,0.0018,True
bell,12/7/2025,4,10.13,0.46,221.18,0.0029,True
bell,12/7/2025,5,7.13,0.33,220.65,0.00745,True
bell,12/7/2025,6,13.81,0.27,221.04,0.0031,True
bell,12/7/2025,7,13.24,0.05,220.04,0.00322,True
bell,12/7/2025,8,10.16,0.1,221.32,0.00524,True
bell,12/7/2025,9,9.38,0.21,220.25,0.00838,True
bell,12/7/2025,10,10.81,0.34,221.21,0.00202,True
bell,12/7/2025,11,9.54,0.16,219.77,0.00254,True
bell,12/7/2025,12,11.43,0.27,221.88,0.00845,True
bell,12/7/2025,13,8.49,0.34,221.28,0.00458,True
bell,12/7/2025,14,9.15,0.19,218.09,0.00688,True
bell,12/7/2025,15,11.02,0.36,221.05,0.00677,True
bell,12/7/2025,16,8.35,0.07,218.36,0.00481,True
bell,12/7/2025,17,5.27,0.14,219.12,0.002,True
bell,12/7/2025,18,6.31,0.27,220.11,0.00827,True
bell,12/7/2025,19,8.81,0.37,219.27,0.00097,True
bell,12/7/2025,20,11.86,0.15,220.5,0.00377,True
bell,12/7/2025,21,9.26,0.21,221.19,0.00117,True
bell,12/7/2025,22,10.02,0.44,220.95,0.00609,True
bell,12/7/2025,23,11.75,0.26,219.41,0.00828,True
bell,12/6/2025,0,14.98,0.18,221.35,0.00798,True
bell,12/6/2025,1,8.88,0.28,219.23,0.00813,True
bell,12/6/2025,2,5.45,0.09,221.52,0.00055,True
bell,12/6/2025,3,10.68,0.15,221.65,0.00884,True
bell,12/6/2025,4,8.72,0.14,220.44,0.00701,True
bell,12/6/2025,5,8.3,0.5,221.39,0.00643,True
bell,12/6/2025,6,11.31,0.27,221.89,0.00945,True
bell,12/6/2025,7,14.79,0.15,221.2,0.00735,True
bell,12/6/2025,8,5.01,0.3,220.17,0.00949,True
bell,12/6/2025,9,9.25,0.02,219.45,0.00954,True
bell,12/6/2025,10,12.09,0.44,218.04,0.00386,True
bell,12/6/2025,11,13.19,0.3,221.35,0.00354,True
bell,12/6/2025,12,9.33,0.27,221.3,0.00876,True
bell,12/6/2025,13,10.08,0.08,220.94,0.00505,True
bell,12/6/2025,14,11.57,0.26,219.12,0.00135,True
bell,12/6/2025,15,12.38,0.4,218.73,0.00422,True
bell,12/6/2025,16,5.23,0.11,221.83,0.00447,True
bell,12/6/2025,17,8.03,0.29,220.29,0.00261,True
bell,12/6/2025,18,14.08,0.28,219.07,0.00487,True
bell,12/6/2025,19,5.02,0.06,221.44,0.00016,True
bell,12/6/2025,20,11.42,0.24,221.04,0.00414,True
bell,12/6/2025,21,10.47,0.03,218.74,0.00369,True
bell,12/6/2025,22,8.32,0.36,221.17,0.00752,True
bell,12/6/2025,23,8.4,0.26,221.75,0.00818,True
bell,12/5/2025,0,10.45,0.39,221.47,0.00373,True
bell,12/5/2025,1,6.63,0.17,221.76,0.00702,True
bell,12/5/2025,2,8.39,0.42,220.45,0.00764,True
bell,12/5/2025,3,14.81,0.07,218.61,0.00065,True
bell,12/5/2025,4,10.4,0.17,220.1,0.00027,True
bell,12/5/2025,5,13.59,0.14,218.98,0.00085,True
bell,12/5/2025,6,10.5,0.27,220.24,0.00172,True
bell,12/5/2025,7,8.73,0.15,220.69,0.002,True
bell,12/5/2025,8,11.3,0.4,218.05,0.00965,True
bell,12/5/2025,9,7.38,0.13,218.5,0.00093,True
bell,12/5/2025,10,6.34,0.04,218.18,0.00746,True
bell,12/5/2025,11,9.01,0.05,219.45,0.00583,True
bell,12/5/2025,12,13.22,0.02,218.47,0.00328,True
bell,12/5/2025,13,8.54,0.49,218.07,0.00644,True
bell,12/5/2025,14,7.47,0.44,218.49,0.00288,True
bell,12/5/2025,15,6.08,0.32,221.11,0.00584,True
bell,12/5/2025,16,8.06,0.27,220.09,0.0053,True
bell,12/5/2025,17,7.65,0.23,219.71,0.00795,True
bell,12/5/2025,18,6.32,0.08,219.17,0.00999,True
bell,12/5/2025,19,5.18,0.01,220.26,0.00018,True
bell,12/5/2025,20,8.16,0.31,219.45,0.00607,True
bell,12/5/2025,21,11.65,0.17,218.84,0.00641,True
bell,12/5/2025,22,13.35,0.04,219.48,0.00037,True
bell,12/5/2025,23,10.62,0.09,221.37,0.00258,True
bell,12/4/2025,0,13.01,0.02,218.14,0.00691,True
bell,12/4/2025,1,12.17,0.02,219.68,0.00191,True
bell,12/4/2025,2,12.13,0.5,219.8,0.00672,True
bell,12/4/2025,3,9.36,0.26,218.75,0.00158,True
bell,12/4/2025,4,11.24,0.15,218.52,0.00282,True
bell,12/4/2025,5,12.77,0.45,221.64,0.00828,True
bell,12/4/2025,6,9.94,0.47,218.32,0.00951,True
bell,12/4/2025,7,8.95,0.28,220.68,0.00073,True
bell,12/4/2025,8,12.78,0.03,220.96,0.00856,True
bell,12/4/2025,9,10.93,0.4,218.42,0.00688,True
bell,12/4/2025,10,9.99,0.3,220.65,0.00437,True
bell,12/4/2025,11,11.77,0.35,221.52,0.00672,True
bell,12/4/2025,12,12.68,0.23,218.67,0.00064,True
bell,12/4/2025,13,11.66,0.14,220.67,0.00129,True
bell,12/4/2025,14,6.17,0.39,218.53,0.00743,True
bell,12/4/2025,15,14.65,0.0,218.8,0.00082,True
bell,12/4/2025,16,14.36,0.36,221.57,0.00514,True
bell,12/4/2025,17,11.03,0.05,221.44,0.00782,True
bell,12/4/2025,18,8.74,0.5,221.26,0.00977,True
bell,12/4/2025,19,5.89,0.23,221.55,0.00219,True
bell,12/4/2025,20,6.16,0.32,221.16,0.0099,True
bell,12/4/2025,21,13.64,0.25,221.37,0.0096,True
bell,12/4/2025,22,9.8,0.2,220.93,0.00886,True
bell,12/4/2025,23,5.54,0.34,219.09,0.001,True
bell,12/3/2025,0,14.84,0.45,220.94,0.00751,True
bell,12/3/2025,1,9.75,0.12,221.59,0.00027,True
bell,12/3/2025,2,5.63,0.05,218.19,0.00455,True
bell,12/3/2025,3,11.91,0.35,221.43,0.00767,True
bell,12/3/2025,4,10.33,0.23,218.69,0.00045,True
bell,12/3/2025,5,10.09,0.11,218.91,0.00174,True
bell,12/3/2025,6,6.09,0.35,218.9,0.00677,True
bell,12/3/2025,7,11.8,0.2,221.97,0.00679,True
bell,12/3/2025,8,10.25,0.27,220.55,0.00756,True
bell,12/3/2025,9,10.81,0.39,218.42,0.00823,True
bell,12/3/2025,10,5.73,0.28,221.33,0.00461,True
bell,12/3/2025,11,8.84,0.23,218.61,0.00876,True
bell,12/3/2025,12,13.98,0.43,220.05,0.00025,True
bell,12/3/2025,13,7.97,0.26,220.64,0.00456,True
bell,12/3/2025,14,9.68,0.34,220.32,0.00578,True
bell,12/3/2025,15,7.72,0.49,221.54,0.00798,True
bell,12/3/2025,16,6.62,0.47,220.07,0.00892,True
bell,12/3/2025,17,11.07,0.29,220.91,0.00433,True
bell,12/3/2025,18,14.54,0.05,220.64,0.00243,True
bell,12/3/2025,19,6.06,0.11,219.65,0.00776,True
bell,12/3/2025,20,14.23,0.21,221.98,0.00377,True
bell,12/3/2025,21,5.04,0.33,221.81,0.00973,True
bell,12/3/2025,22,12.04,0.13,221.92,0.00634,True
bell,12/3/2025,23,7.13,0.08,221.35,0.00979,True
bell,12/2/2025,0,13.14,0.3,218.41,0.00504,True
bell,12/2/2025,1,5.71,0.35,220.03,0.00357,True
bell,12/2/2025,2,11.25,0.15,221.31,0.00274,True
bell,12/2/2025,3,6.3,0.2,219.64,0.00866,True
bell,12/2/2025,4,6.97,0.23,221.31,0.00474,True
bell,12/2/2025,5,8.16,0.14,218.47,0.00113,True
bell,12/2/2025,6,6.0,0.03,221.19,0.00454,True
bell,12/2/2025,7,6.01,0.05,218.12,0.00074,True
bell,12/2/2025,8,14.04,0.28,219.09,0.0033,True
bell,12/2/2025,9,5.42,0.13,219.45,0.0036,True
bell,12/2/2025,10,6.51,0.49,220.95,0.00123,True
bell,12/2/2025,11,13.43,0.43,220.67,0.00736,True
bell,12/2/2025,12,15.0,0.28,220.88,0.0057,True
bell,12/2/2025,13,7.61,0.47,219.76,0.00316,True
bell,12/2/2025,14,5.89,0.43,221.68,0.00374,True
bell,12/2/2025,15,7.73,0.04,221.35,0.00391,True
bell,12/2/2025,16,12.69,0.2,221.04,0.00446,True
bell,12/2/2025,17,12.41,0.35,221.38,0.00582,True
bell,12/2/2025,18,6.16,0.38,218.27,0.00281,True
bell,12/2/2025,19,10.63,0.08,218.12,0.00613,True
bell,12/2/2025,20,11.11,0.24,219.4,0.00148,True
bell,12/2/2025,21,9.27,0.45,220.95,0.00213,True
bell,12/2/2025,22,12.04,0.07,219.86,0.00748,True
bell,12/2/2025,23,12.23,0.16,220.06,0.0097,True
bell,12/1/2025,0,10.73,0.4,221.23,0.00642,True
bell,12/1/2025,1,5.83,0.44,221.11,0.00393,True
bell,12/1/2025,2,6.54,0.01,219.15,0.00596,True
bell,12/1/2025,3,5.78,0.46,219.81,0.00772,True
bell,12/1/2025,4,14.58,0.18,221.6,0.00731,True
bell,12/1/2025,5,14.82,0.5,218.88,0.00472,True
bell,12/1/2025,6,11.26,0.42,220.86,0.00954,True
bell,12/1/2025,7,14.21,0.15,220.3,0.00352,True
bell,12/1/2025,8,10.24,0.21,219.8,0.0086,True
bell,12/1/2025,9,8.23,0.32,218.31,0.00063,True
bell,12/1/2025,10,10.63,0.25,218.66,0.00324,True
bell,12/1/2025,11,13.45,0.4,218.79,0.00517,True
bell,12/1/2025,12,11.55,0.31,220.72,0.00937,True
bell,12/1/2025,13,14.74,0.35,219.61,0.00794,True
bell,12/1/2025,14,12.34,0.12,221.43,0.00701,True
bell,12/1/2025,15,12.13,0.23,219.41,0.00346,True
bell,12/1/2025,16,8.03,0.42,221.06,0.00782,True
bell,12/1/2025,17,6.05,0.12,219.12,0.00306,True
bell,12/1/2025,18,10.7,0.21,221.19,0.00562,True
bell,12/1/2025,19,7.49,0.2,220.45,0.00718,True
bell,12/1/2025,20,6.54,0.46,219.92,0.00499,True
bell,12/1/2025,21,14.62,0.06,221.73,0.00187,True
bell,12/1/2025,22,9.2,0.45,220.25,0.00406,True
bell,12/1/2025,23,7.48,0.44,219.79,0.00568,True
bell,11/30/2025,0,13.67,0.42,219.77,0.0051,True
bell,11/30/2025,1,11.41,0.04,221.55,0.00162,True
bell,11/30/2025,2,9.88,0.09,220.43,0.00324,True
bell,11/30/2025,3,12.45,0.22,219.71,0.00609,True
bell,11/30/2025,4,6.26,0.35,219.5,0.00598,True
bell,11/30/2025,5,7.22,0.34,219.48,0.0096,True
bell,11/30/2025,6,5.74,0.46,218.68,0.00826,True
bell,11/30/2025,7,12.31,0.3,219.82,0.00354,True
bell,11/30/2025,8,5.63,0.48,221.75,0.0053,True
bell,11/30/2025,9,7.63,0.42,220.91,0.00073,True
bell,11/30/2025,10,10.54,0.35,220.02,0.00183,True
bell,11/30/2025,11,12.12,0.48,219.97,0.00442,True
bell,11/30/2025,12,13.67,0.01,221.64,0.00742,True
bell,11/30/2025,13,10.49,0.22,221.07,0.00912,True
bell,11/30/2025,14,6.63,0.42,218.15,0.00787,True
bell,11/30/2025,15,10.89,0.07,218.7,0.00557,True
bell,11/30/2025,16,6.88,0.3,218.47,0.00784,True
bell,11/30/2025,17,9.89,0.17,218.04,0.00389,True
bell,11/30/2025,18,6.9,0.41,221.55,0.0023,True
bell,11/30/2025,19,12.89,0.44,221.87,0.00372,True
bell,11/30/2025,20,14.71,0.19,218.78,0.00562,True
bell,11/30/2025,21,5.19,0.47,220.81,0.00131,True
bell,11/30/2025,22,11.09,0.21,220.63,0.00288,True
bell,11/30/2025,23,7.53,0.23,218.98,0.00684,True
bell,11/29/2025,0,10.77,0.27,219.64,0.0083,True
bell,11/29/2025,1,9.4,0.48,218.48,0.00841,True
bell,11/29/2025,2,5.7,0.29,220.79,0.00339,True
bell,11/29/2025,3,14.26,0.43,221.63,0.00896,True
bell,11/29/2025,4,11.64,0.02,221.64,0.00379,True
bell,11/29/2025,5,5.57,0.12,219.42,0.00212,True
bell,11/29/2025,6,14.89,0.41,220.54,0.00934,True
bell,11/29/2025,7,5.11,0.37,218.42,0.00068,True
bell,11/29/2025,8,10.67,0.35,219.55,0.0094,True
bell,11/29/2025,9,14.78,0.03,219.43,0.00636,True
bell,11/29/2025,10,13.65,0.35,219.73,0.00533,True
bell,11/29/2025,11,7.76,0.06,220.94,0.00716,True
bell,11/29/2025,12,12.07,0.31,220.78,0.00518,True
bell,11/29/2025,13,9.74,0.49,221.69,0.00387,True
bell,11/29/2025,14,12.3,0.16,220.43,0.00449,True
bell,11/29/2025,15,5.52,0.33,218.69,0.00422,True
bell,11/29/2025,16,10.8,0.09,221.04,0.00108,True
bell,11/29/2025,17,5.29,0.43,220.88,0.00326,True
bell,11/29/2025,18,6.83,0.39,220.5,0.00777,True
bell,11/29/2025,19,14.69,0.43,220.33,0.00176,True
bell,11/29/2025,20,7.34,0.01,221.66,0.00733,True
bell,11/29/2025,21,11.03,0.24,218.72,0.00163,True
bell,11/29/2025,22,9.85,0.09,220.72,0.00526,True
bell,11/29/2025,23,12.43,0.2,218.54,0.00584,True
bell,11/28/2025,0,7.57,0.07,221.32,0.00345,True
bell,11/28/2025,1,7.95,0.02,221.69,0.00033,True
bell,11/28/2025,2,6.48,0.34,220.05,0.00125,True
bell,11/28/2025,3,11.03,0.37,219.97,0.00018,True
bell,11/28/2025,4,8.07,0.27,219.52,0.00923,True
bell,11/28/2025,5,7.57,0.46,219.89,0.00229,True
bell,11/28/2025,6,10.45,0.22,221.34,0.00722,True
bell,11/28/2025,7,6.32,0.09,218.8,0.00619,True
bell,11/28/2025,8,9.17,0.48,219.79,0.00347,True
bell,11/28/2025,9,14.54,0.0,219.83,0.0069,True
bell,11/28/2025,10,8.43,0.24,218.04,0.00102,True
bell,11/28/2025,11,8.84,0.03,218.87,0.00033,True
bell,11/28/2025,12,12.16,0.4,220.87,2e-05,True
bell,11/28/2025,13,14.62,0.03,221.1,0.00682,True
bell,11/28/2025,14,6.96,0.31,218.89,0.00921,True
bell,11/28/2025,15,9.11,0.3,218.22,0.00228,True
bell,11/28/2025,16,5.48,0.21,221.08,0.00234,True
bell,11/28/2025,17,13.48,0.07,219.45,0.00786,True
bell,11/28/2025,18,11.73,0.41,221.18,0.00332,True
bell,11/28/2025,19,11.67,0.21,218.23,0.0029,True
bell,11/28/2025,20,7.1,0.32,218.4,0.00031,True
bell,11/28/2025,21,9.48,0.32,219.85,0.00251,True
bell,11/28/2025,22,11.17,0.19,219.97,0.00827,True
bell,11/28/2025,23,5.85,0.43,219.35,0.00339,True
bell,11/27/2025,0,14.91,0.42,220.85,0.00173,True
bell,11/27/2025,1,11.16,0.33,220.39,0.00966,True
bell,11/27/2025,2,8.31,0.36,219.77,0.00186,True
bell,11/27/2025,3,12.59,0.5,221.92,0.00822,True
bell,11/27/2025,4,14.76,0.09,221.3,0.00789,True
bell,11/27/2025,5,12.37,0.43,219.17,0.00256,True
bell,11/27/2025,6,10.77,0.45,219.45,0.00133,True
bell,11/27/2025,7,8.94,0.22,219.89,0.00528,True
bell,11/27/2025,8,10.8,0.16,218.41,0.00188,True
bell,11/27/2025,9,14.83,0.14,219.5,0.00143,True
bell,11/27/2025,10,10.83,0.24,220.36,0.00814,True
bell,11/27/2025,11,13.79,0.09,221.94,0.00557,True
bell,11/27/2025,12,7.2,0.3,220.11,0.00469,True
bell,11/27/2025,13,9.85,0.36,218.43,0.00662,True
bell,11/27/2025,14,6.65,0.04,219.3,0.00835,True
bell,11/27/2025,15,7.68,0.33,219.16,0.00873,True
bell,11/27/2025,16,13.2,0.13,219.52,0.00652,True
bell,11/27/2025,17,11.3,0.19,219.69,0.00566,True
bell,11/27/2025,18,13.9,0.4,218.71,0.00898,True
bell,11/27/2025,19,8.32,0.05,219.45,0.00331,True
bell,11/27/2025,20,8.46,0.09,221.4,0.00336,True
bell,11/27/2025,21,12.76,0.34,219.32,0.00692,True
bell,11/27/2025,22,6.05,0.46,220.17,0.00843,True
bell,11/27/2025,23,11.54,0.47,218.37,0.00804,True
bell,11/26/2025,0,10.88,0.48,219.74,0.00907,True
bell,11/26/2025,1,12.93,0.46,218.2,0.00962,True
bell,11/26/2025,2,8.14,0.36,219.32,0.00591,True
bell,11/26/2025,3,14.37,0.12,219.3,0.00369,True
bell,11/26/2025,4,9.76,0.18,220.98,0.0072,True
bell,11/26/2025,5,7.33,0.29,218.65,0.0054,True
bell,11/26/2025,6,13.25,0.15,220.28,0.0003,True
bell,11/26/2025,7,12.83,0.22,219.84,0.00411,True
bell,11/26/2025,8,13.05,0.25,218.4,0.00528,True
bell,11/26/2025,9,8.16,0.27,219.45,0.00539,True
bell,11/26/2025,10,13.24,0.47,218.2,0.00757,True
bell,11/26/2025,11,8.14,0.0,218.46,0.00851,True
bell,11/26/2025,12,14.12,0.47,218.43,0.00612,True
bell,11/26/2025,13,11.53,0.46,218.25,0.00436,True
bell,11/26/2025,14,8.09,0.22,222.0,0.00029,True
bell,11/26/2025,15,6.43,0.48,220.87,0.00266,True
bell,11/26/2025,16,14.44,0.1,219.67,0.00397,True
bell,11/26/2025,17,9.1,0.17,220.84,0.0089,True
bell,11/26/2025,18,12.51,0.04,218.69,0.0097,True
bell,11/26/2025,19,14.17,0.21,219.9,0.00088,True
bell,11/26/2025,20,8.67,0.31,219.14,0.0003,True
bell,11/26/2025,21,11.48,0.08,220.12,0.00409,True
bell,11/26/2025,22,14.48,0.38,219.84,0.00366,True
bell,11/26/2025,23,10.14,0.39,221.6,0.00272,True
bell,11/25/2025,0,14.05,0.4,221.55,0.00439,True
bell,11/25/2025,1,13.29,0.07,221.92,0.0075,True
bell,11/25/2025,2,9.93,0.24,220.78,0.00574,True
bell,11/25/2025,3,11.19,0.18,220.04,0.00265,True
bell,11/25/2025,4,13.99,0.39,221.25,0.00548,True
bell,11/25/2025,5,14.16,0.09,220.76,0.00923,True
bell,11/25/2025,6,12.81,0.18,220.11,0.00235,True
bell,11/25/2025,7,11.57,0.37,219.9,0.00571,True
bell,11/25/2025,8,9.73,0.11,218.59,0.00406,True
bell,11/25/2025,9,10.66,0.03,221.73,0.00754,True
bell,11/25/2025,10,12.55,0.28,221.77,0.00872,True
bell,11/25/2025,11,8.36,0.42,218.62,0.00769,True
bell,11/25/2025,12,8.3,0.05,220.05,0.00172,True
bell,11/25/2025,13,10.35,0.44,218.65,0.00338,True
bell,11/25/2025,14,8.55,0.3,221.58,0.00394,True
bell,11/25/2025,15,9.48,0.32,221.46,0.00921,True
bell,11/25/2025,16,5.31,0.31,219.62,0.0004,True
bell,11/25/2025,17,7.28,0.24,221.28,0.00494,True
bell,11/25/2025,18,7.83,0.15,220.23,0.00078,True
bell,11/25/2025,19,5.94,0.05,219.45,0.00524,True
bell,11/25/2025,20,5.73,0.09,220.25,0.00462,True
bell,11/25/2025,21,10.61,0.43,219.69,0.0013,True
bell,11/25/2025,22,5.78,0.3,218.64,0.00029,True
bell,11/25/2025,23,9.93,0.32,218.35,0.00533,True
bell,11/24/2025,0,13.15,0.37,219.43,0.00647,True
bell,11/24/2025,1,5.21,0.07,220.4,0.00475,True
bell,11/24/2025,2,13.33,0.02,221.61,0.00605,True
bell,11/24/2025,3,9.56,0.06,219.11,0.00575,True
bell,11/24/2025,4,7.1,0.43,221.1,0.00874,True
bell,11/24/2025,5,10.67,0.15,220.74,0.00889,True
bell,11/24/2025,6,8.21,0.32,221.51,0.00524,True
bell,11/24/2025,7,14.23,0.18,221.73,0.00164,True
bell,11/24/2025,8,6.77,0.33,219.21,0.00238,True
bell,11/24/2025,9,8.95,0.23,220.47,0.00352,True
bell,11/24/2025,10,8.17,0.17,219.1,0.0039,True
bell,11/24/2025,11,9.4,0.48,219.38,0.00167,True
bell,11/24/2025,12,9.88,0.22,221.97,0.00882,True
bell,11/24/2025,13,11.05,0.09,218.1,0.00635,True
bell,11/24/2025,14,12.36,0.24,220.49,0.00255,True
bell,11/24/2025,15,8.49,0.24,218.05,0.00191,True
bell,11/24/2025,16,11.18,0.1,221.58,0.00231,True
bell,11/24/2025,17,13.62,0.11,221.51,0.005,True
bell,11/24/2025,18,10.77,0.22,221.93,0.00495,True
bell,11/24/2025,19,12.07,0.32,221.77,0.00245,True
bell,11/24/2025,20,6.76,0.38,219.25,0.00155,True
bell,11/24/2025,21,6.29,0.01,219.94,0.00064,True
bell,11/24/2025,22,14.93,0.41,218.93,0.00952,True
bell,11/24/2025,23,5.11,0.37,221.31,0.00151,True
bell,11/23/2025,0,6.65,0.23,221.84,0.00706,True
bell,11/23/2025,1,7.47,0.08,218.15,0.00933,True
bell,11/23/2025,2,7.84,0.22,221.21,0.00123,True
bell,11/23/2025,3,8.53,0.25,218.28,0.00104,True
bell,11/23/2025,4,13.84,0.04,219.46,0.00367,True
bell,11/23/2025,5,9.53,0.23,218.49,0.0023,True
bell,11/23/2025,6,8.76,0.05,220.57,0.00267,True
bell,11/23/2025,7,12.7,0.14,221.83,0.00704,True
bell,11/23/2025,8,8.72,0.27,219.91,0.00526,True
bell,11/23/2025,9,8.97,0.13,218.37,0.00342,True
bell,11/23/2025,10,11.83,0.28,221.91,0.00309,True
bell,11/23/2025,11,6.05,0.31,221.86,0.00216,True
bell,11/23/2025,12,14.35,0.26,218.86,0.00019,True
bell,11/23/2025,13,5.16,0.48,219.68,0.00519,True
bell,11/23/2025,14,11.18,0.3,219.31,6e-05,True
bell,11/23/2025,15,9.56,0.14,218.68,0.00132,True
bell,11/23/2025,16,10.65,0.12,218.38,0.00955,True
bell,11/23/2025,17,10.07,0.4,220.45,0.00488,True
bell,11/23/2025,18,13.08,0.32,220.23,0.00771,True
bell,11/23/2025,19,12.88,0.17,219.15,0.0065,True
bell,11/23/2025,20,8.52,0.45,220.08,0.00704,True
bell,11/23/2025,21,5.35,0.43,221.4,0.00239,True
bell,11/23/2025,22,10.65,0.15,218.82,0.00024,True
bell,11/23/2025,23,11.89,0.4,220.24,0.00071,True
bell,11/22/2025,0,12.65,0.14,218.21,0.00649,True
bell,11/22/2025,1,14.47,0.03,221.04,0.00989,True
bell,11/22/2025,2,5.7,0.4,221.03,0.00164,True
bell,11/22/2025,3,11.97,0.1,220.59,0.00819,True
bell,11/22/2025,4,7.15,0.34,218.47,0.00429,True
bell,11/22/2025,5,13.08,0.23,218.76,0.003,True
bell,11/22/2025,6,5.36,0.33,218.06,0.00703,True
bell,11/22/2025,7,5.26,0.06,220.05,0.00022,True
bell,11/22/2025,8,5.08,0.19,219.4,0.00025,True
bell,11/22/2025,9,6.91,0.48,219.85,0.00543,True
bell,11/22/2025,10,10.52,0.03,220.97,0.00935,True
bell,11/22/2025,11,8.35,0.25,220.87,0.00231,True
bell,11/22/2025,12,9.05,0.23,218.71,0.0081,True
bell,11/22/2025,13,11.24,0.14,221.52,0.00712,True
bell,11/22/2025,14,10.51,0.35,218.63,0.00491,True
bell,11/22/2025,15,14.13,0.29,221.77,0.001,True
bell,11/22/2025,16,13.73,0.09,219.02,0.00362,True
bell,11/22/2025,17,11.65,0.1,218.88,0.00562,True
bell,11/22/2025,18,11.0,0.03,221.54,0.00045,True
bell,11/22/2025,19,11.01,0.04,219.0,0.00407,True
bell,11/22/2025,20,12.62,0.1,220.05,0.00026,True
bell,11/22/2025,21,8.25,0.47,219.22,0.00691,True
bell,11/22/2025,22,6.83,0.1,218.19,0.00698,True
bell,11/22/2025,23,7.85,0.39,218.64,0.00266,True
bell,11/21/2025,0,14.36,0.32,218.52,0.00687,True
bell,11/21/2025,1,13.52,0.23,218.93,0.00056,True
bell,11/21/2025,2,11.34,0.35,220.97,0.00697,True
bell,11/21/2025,3,11.87,0.07,219.95,0.00479,True
bell,11/21/2025,4,5.15,0.41,219.54,0.0043,True
bell,11/21/2025,5,12.05,0.38,221.55,0.00483,True
bell,11/21/2025,6,9.12,0.49,221.51,0.00991,True
bell,11/21/2025,7,13.73,0.38,221.63,0.0019,True
bell,11/21/2025,8,14.97,0.18,218.24,0.00949,True
bell,11/21/2025,9,13.12,0.05,220.22,0.00359,True
bell,11/21/2025,10,5.17,0.35,220.55,0.00225,True
bell,11/21/2025,11,12.15,0.1,218.42,0.00966,True
bell,11/21/2025,12,6.65,0.16,221.02,0.00694,True
bell,11/21/2025,13,12.48,0.18,219.43,0.00873,True
bell,11/21/2025,14,12.23,0.2,219.66,0.00107,True
bell,11/21/2025,15,13.5,0.06,218.45,0.00956,True
bell,11/21/2025,16,10.71,0.4,218.33,0.00285,True
bell,11/21/2025,17,9.95,0.37,221.18,0.00928,True
bell,11/21/2025,18,7.63,0.06,220.15,0.00229,True
bell,11/21/2025,19,6.41,0.02,220.85,0.0076,True
bell,11/21/2025,20,13.95,0.32,219.66,0.00805,True
bell,11/21/2025,21,14.14,0.08,220.51,0.00027,True
bell,11/21/2025,22,12.61,0.47,219.83,0.00616,True
bell,11/21/2025,23,14.77,0.29,220.33,0.00724,True
bell,11/20/2025,0,14.82,0.25,221.24,0.0069,True
bell,11/20/2025,1,14.94,0.28,218.67,0.00397,True
bell,11/20/2025,2,13.52,0.18,218.75,0.0091,True
bell,11/20/2025,3,10.98,0.37,221.35,0.00594,True
bell,11/20/2025,4,5.21,0.13,220.68,0.00135,True
bell,11/20/2025,5,6.66,0.4,219.13,0.00819,True
bell,11/20/2025,6,8.47,0.05,221.29,0.00014,True
bell,11/20/2025,7,6.32,0.13,218.23,0.00395,True
bell,11/20/2025,8,7.33,0.33,220.3,0.00684,True
bell,11/20/2025,9,11.0,0.41,221.98,0.00592,True
bell,11/20/2025,10,5.51,0.3,218.98,0.0008,True
bell,11/20/2025,11,12.83,0.28,218.88,0.00643,True
bell,11/20/2025,12,14.28,0.07,220.55,0.00157,True
bell,11/20/2025,13,8.32,0.5,219.54,0.00036,True
bell,11/20/2025,14,5.44,0.39,221.85,0.00288,True
bell,11/20/2025,15,11.31,0.19,220.98,0.00806,True
bell,11/20/2025,16,9.65,0.14,220.96,0.00585,True
bell,11/20/2025,17,11.59,0.06,221.82,0.0008,True
bell,11/20/2025,18,11.67,0.44,218.47,0.00538,True
bell,11/20/2025,19,12.31,0.02,220.32,0.00256,True
bell,11/20/2025,20,7.85,0.24,218.33,0.00552,True
bell,11/20/2025,21,5.29,0.29,220.17,0.00114,True
bell,11/20/2025,22,13.6,0.07,221.65,0.00911,True
bell,11/20/2025,23,5.72,0.05,221.85,0.00645,True
bell,11/19/2025,0,10.25,0.49,220.88,0.00489,True
bell,11/19/2025,1,10.78,0.26,220.83,0.00935,True
bell,11/19/2025,2,10.07,0.3,221.8,0.00072,True
bell,11/19/2025,3,5.33,0.01,219.1,0.00608,True
bell,11/19/2025,4,12.07,0.32,218.78,0.00707,True
bell,11/19/2025,5,5.08,0.21,220.89,0.00767,True
bell,11/19/2025,6,5.45,0.16,220.9,0.00832,True
bell,11/19/2025,7,11.71,0.01,219.46,0.00874,True
bell,11/19/2025,8,7.85,0.29,220.35,0.00685,True
bell,11/19/2025,9,14.42,0.18,218.61,0.00088,True
bell,11/19/2025,10,7.31,0.17,221.95,0.00627,True
bell,11/19/2025,11,5.22,0.44,221.83,0.00116,True
bell,11/19/2025,12,7.37,0.14,219.82,0.00761,True
bell,11/19/2025,13,6.41,0.45,218.72,0.00185,True
bell,11/19/2025,14,6.1,0.4,218.78,0.0011,True
bell,11/19/2025,15,12.36,0.27,219.23,0.00114,True
bell,11/19/2025,16,6.73,0.46,218.22,0.00441,True
bell,11/19/2025,17,7.61,0.18,220.64,0.00106,True
bell,11/19/2025,18,14.67,0.03,218.82,0.00222,True
bell,11/19/2025,19,9.44,0.04,218.29,0.00455,True
bell,11/19/2025,20,12.52,0.31,219.78,0.00956,True
bell,11/19/2025,21,8.28,0.14,219.25,0.00686,True
bell,11/19/2025,22,6.65,0.12,220.26,0.00997,True
bell,11/19/2025,23,13.21,0.12,219.92,0.00819,True
bell,11/18/2025,0,14.5,0.35,220.33,0.00844,True
bell,11/18/2025,1,6.64,0.1,218.65,0.00621,True
bell,11/18/2025,2,5.32,0.31,221.09,0.00526,True
bell,11/18/2025,3,5.72,0.47,218.82,0.00336,True
bell,11/18/2025,4,5.39,0.02,218.48,0.0007,True
bell,11/18/2025,5,10.15,0.4,219.67,0.00625,True
bell,11/18/2025,6,6.25,0.15,221.56,0.0018,True
bell,11/18/2025,7,10.58,0.3,220.36,0.00421,True
bell,11/18/2025,8,9.51,0.03,218.75,0.00638,True
bell,11/18/2025,9,14.64,0.04,221.45,0.0069,True
bell,11/18/2025,10,11.2,0.42,219.6,0.00541,True
bell,11/18/2025,11,6.18,0.14,220.85,0.00226,True
bell,11/18/2025,12,7.97,0.2,219.33,0.00566,True
bell,11/18/2025,13,10.97,0.22,219.38,0.00788,True
bell,11/18/2025,14,12.43,0.04,221.97,0.00108,True
bell,11/18/2025,15,9.49,0.4,219.87,0.00645,True
bell,11/18/2025,16,12.84,0.26,218.52,0.00522,True
bell,11/18/2025,17,7.37,0.33,221.66,0.00823,True
bell,11/18/2025,18,8.67,0.07,221.9,0.00051,True
bell,11/18/2025,19,11.31,0.26,219.12,0.00195,True
bell,11/18/2025,20,12.98,0.2,220.72,0.00931,True
bell,11/18/2025,21,13.46,0.15,218.77,0.00074,True
bell,11/18/2025,22,9.15,0.45,219.82,0.00603,True
bell,11/18/2025,23,14.82,0.18,221.43,0.00331,True
bell,11/17/2025,0,11.68,0.22,221.31,0.00318,True
bell,11/17/2025,1,6.34,0.25,219.02,0.00013,True
bell,11/17/2025,2,5.3,0.47,220.16,0.00889,True
bell,11/17/2025,3,7.64,0.01,220.13,0.00928,True
bell,11/17/2025,4,10.95,0.12,218.13,0.00095,True
bell,11/17/2025,5,6.49,0.28,220.55,0.00167,True
bell,11/17/2025,6,5.73,0.15,220.29,0.00381,True
bell,11/17/2025,7,8.9,0.46,219.55,0.00387,True
bell,11/17/2025,8,14.11,0.09,221.11,0.00267,True
bell,11/17/2025,9,13.39,0.08,219.38,0.00966,True
bell,11/17/2025,10,6.22,0.02,218.95,0.00817,True
bell,11/17/2025,11,11.51,0.21,220.32,0.00695,True
bell,11/17/2025,12,8.55,0.39,219.17,0.00469,True
bell,11/17/2025,13,8.86,0.08,221.11,0.0001,True
bell,11/17/2025,14,9.49,0.18,221.37,0.00603,True
bell,11/17/2025,15,10.35,0.45,219.43,0.00423,True
bell,11/17/2025,16,8.42,0.3,218.37,0.00388,True
bell,11/17/2025,17,14.52,0.01,219.43,0.00744,True
bell,11/17/2025,18,7.35,0.42,218.81,0.00822,True
bell,11/17/2025,19,9.98,0.02,220.17,0.00778,True
bell,11/17/2025,20,5.1,0.47,219.04,0.00442,True
bell,11/17/2025,21,9.59,0.17,220.09,0.00384,True
bell,11/17/2025,22,14.13,0.32,219.99,0.00569,True
bell,11/17/2025,23,10.6,0.03,220.51,0.0075,True
bell,11/16/2025,0,5.44,0.43,219.25,0.00427,True
bell,11/16/2025,1,9.15,0.41,218.87,0.0059,True
bell,11/16/2025,2,12.33,0.15,221.34,0.00897,True
bell,11/16/2025,3,8.61,0.04,219.02,6e-05,True
bell,11/16/2025,4,13.58,0.18,221.36,0.00584,True
bell,11/16/2025,5,10.29,0.41,220.9,0.00479,True
bell,11/16/2025,6,8.59,0.3,220.96,0.00947,True
bell,11/16/2025,7,9.87,0.29,219.65,0.00563,True
bell,11/16/2025,8,10.22,0.44,221.87,0.00025,True
bell,11/16/2025,9,10.5,0.24,219.99,0.00144,True
bell,11/16/2025,10,5.14,0.38,218.33,0.00379,True
bell,11/16/2025,11,5.26,0.0,221.62,0.00861,True
bell,11/16/2025,12,13.05,0.43,218.37,0.00564,True
bell,11/16/2025,13,6.15,0.08,218.35,0.00919,True
bell,11/16/2025,14,13.02,0.37,219.3,0.00077,True
bell,11/16/2025,15,10.34,0.32,220.25,0.0071,True
bell,11/16/2025,16,12.2,0.1,219.37,0.00988,True
bell,11/16/2025,17,12.14,0.11,219.7,0.00278,True
bell,11/16/2025,18,6.44,0.02,220.84,0.00617,True
bell,11/16/2025,19,12.38,0.47,218.21,0.00901,True
bell,11/16/2025,20,10.2,0.29,219.72,0.00986,True
bell,11/16/2025,21,11.63,0.29,219.07,0.00957,True
bell,11/16/2025,22,6.08,0.1,219.72,0.00401,True
bell,11/16/2025,23,5.27,0.05,219.73,0.00201,True
bell,11/15/2025,0,12.32,0.08,220.29,0.00568,True
bell,11/15/2025,1,8.02,0.12,220.22,0.00774,True
bell,11/15/2025,2,6.33,0.06,219.92,0.00551,True
bell,11/15/2025,3,14.18,0.17,221.25,0.00061,True
bell,11/15/2025,4,8.96,0.32,220.82,0.00189,True
bell,11/15/2025,5,6.68,0.4,220.59,0.0099,True
bell,11/15/2025,6,7.26,0.43,219.29,0.0033,True
bell,11/15/2025,7,12.36,0.38,219.8,0.00856,True
bell,11/15/2025,8,11.0,0.43,219.73,0.00626,True
bell,11/15/2025,9,11.46,0.4,220.53,0.00283,True
bell,11/15/2025,10,11.24,0.01,218.73,0.00124,True
bell,11/15/2025,11,12.05,0.49,219.42,0.00737,True
bell,11/15/2025,12,11.5,0.12,219.33,0.00285,True
bell,11/15/2025,13,14.32,0.4,218.23,0.00022,True
bell,11/15/2025,14,14.08,0.08,219.33,0.00817,True
bell,11/15/2025,15,13.27,0.06,221.51,0.00931,True
bell,11/15/2025,16,14.82,0.4,219.37,0.00306,True
bell,11/15/2025,17,7.89,0.16,218.42,0.00209,True
bell,11/15/2025,18,14.67,0.28,218.01,0.00976,True
bell,11/15/2025,19,8.72,0.41,221.09,0.00646,True
bell,11/15/2025,20,7.28,0.32,221.71,0.00908,True
bell,11/15/2025,21,13.09,0.29,220.72,0.00923,True
bell,11/15/2025,22,12.33,0.22,219.39,0.00066,True
bell,11/15/2025,23,11.49,0.19,220.0,0.00625,True
bell,11/14/2025,0,7.26,0.07,220.62,0.00933,True
bell,11/14/2025,1,8.65,0.43,218.51,0.00603,True
bell,11/14/2025,2,8.88,0.37,219.15,0.00035,True
bell,11/14/2025,3,11.73,0.37,221.26,0.00569,True
bell,11/14/2025,4,5.59,0.01,218.72,0.00599,True
bell,11/14/2025,5,11.53,0.06,219.45,0.00461,True
bell,11/14/2025,6,9.56,0.35,219.71,0.00692,True
bell,11/14/2025,7,9.96,0.2,220.22,0.00187,True
bell,11/14/2025,8,8.27,0.39,220.2,0.00712,True
bell,11/14/2025,9,14.15,0.43,221.05,0.00415,True
bell,11/14/2025,10,8.28,0.35,221.2,2e-05,True
bell,11/14/2025,11,6.9,0.37,221.12,0.00629,True
bell,11/14/2025,12,5.13,0.38,218.62,0.00121,True
bell,11/14/2025,13,5.57,0.22,219.55,0.00557,True
bell,11/14/2025,14,12.44,0.49,220.27,0.00108,True
bell,11/14/2025,15,9.87,0.17,221.02,0.00987,True
bell,11/14/2025,16,8.0,0.4,220.63,0.0038,True
bell,11/14/2025,17,12.44,0.15,219.58,0.00899,True
bell,11/14/2025,18,11.12,0.1,218.04,0.0058,True
bell,11/14/2025,19,11.78,0.18,220.99,0.00221,True
bell,11/14/2025,20,5.52,0.46,219.75,0.00073,True
bell,11/14/2025,21,14.29,0.2,220.34,0.00055,True
bell,11/14/2025,22,9.09,0.06,219.14,0.00082,True
bell,11/14/2025,23,6.8,0.35,219.74,0.0067,True
bell,11/13/2025,0,14.71,0.24,218.94,0.00624,True
bell,11/13/2025,1,6.19,0.04,221.38,0.00995,True
bell,11/13/2025,2,12.88,0.49,218.48,0.00018,True
bell,11/13/2025,3,9.54,0.01,219.64,0.00853,True
bell,11/13/2025,4,8.24,0.41,220.5,0.00801,True
bell,11/13/2025,5,6.23,0.33,221.14,0.00336,True
bell,11/13/2025,6,13.57,0.02,219.12,0.00486,True
bell,11/13/2025,7,14.85,0.18,218.36,0.00239,True
bell,11/13/2025,8,9.44,0.09,218.55,0.00578,True
bell,11/13/2025,9,8.55,0.23,218.74,0.00713,True
bell,11/13/2025,10,10.22,0.32,220.5,0.00027,True
bell,11/13/2025,11,10.06,0.06,221.75,0.00418,True
bell,11/13/2025,12,6.99,0.38,219.57,0.00768,True
bell,11/13/2025,13,7.6,0.28,219.67,0.00634,True
bell,11/13/2025,14,11.93,0.45,219.06,0.00633,True
bell,11/13/2025,15,14.98,0.2,220.33,0.00708,True
bell,11/13/2025,16,8.45,0.31,221.1,0.00095,True
bell,11/13/2025,17,13.05,0.32,220.27,0.00324,True
bell,11/13/2025,18,5.96,0.03,219.81,0.00356,True
bell,11/13/2025,19,12.42,0.3,220.93,0.00582,True
bell,11/13/2025,20,5.82,0.09,219.44,0.00515,True
bell,11/13/2025,21,12.79,0.2,219.18,0.00872,True
bell,11/13/2025,22,12.32,0.47,219.42,0.00137,True
bell,11/13/2025,23,12.01,0.29,219.65,0.00695,True
bell,11/12/2025,0,7.81,0.09,218.83,0.0031,True
bell,11/12/2025,1,8.22,0.29,219.33,0.00471,True
bell,11/12/2025,2,6.22,0.5,219.87,0.00397,True
bell,11/12/2025,3,7.92,0.42,220.59,0.00932,True
bell,11/12/2025,4,9.03,0.44,221.77,0.00501,True
bell,11/12/2025,5,5.46,0.5,220.98,0.00563,True
bell,11/12/2025,6,13.01,0.23,220.47,0.00022,True
bell,11/12/2025,7,11.96,0.35,220.01,0.00178,True
bell,11/12/2025,8,12.34,0.06,219.31,1e-05,True
bell,11/12/2025,9,7.63,0.26,220.63,0.00645,True
bell,11/12/2025,10,12.27,0.34,219.83,0.00406,True
bell,11/12/2025,11,6.14,0.24,220.1,0.0042,True
bell,11/12/2025,12,10.39,0.3,218.82,0.00379,True
bell,11/12/2025,13,10.42,0.47,220.55,0.00022,True
bell,11/12/2025,14,7.55,0.42,221.92,0.00558,True
bell,11/12/2025,15,14.6,0.1,220.57,0.00518,True
bell,11/12/2025,16,9.86,0.45,221.47,0.00107,True
bell,11/12/2025,17,5.97,0.2,220.5,0.00026,True
bell,11/12/2025,18,12.6,0.35,220.97,0.00561,True
bell,11/12/2025,19,14.53,0.03,221.34,0.00331,True
bell,11/12/2025,20,11.89,0.15,219.97,0.00109,True
bell,11/12/2025,21,10.02,0.15,220.88,0.00581,True
bell,11/12/2025,22,7.16,0.29,220.84,0.00487,True
bell,11/12/2025,23,10.2,0.13,221.88,0.00869,True
bell,11/11/2025,0,5.24,0.39,221.8,0.00804,True
bell,11/11/2025,1,9.55,0.0,220.49,0.00576,True
bell,11/11/2025,2,10.32,0.13,218.11,0.00548,True
bell,11/11/2025,3,5.95,0.38,221.24,0.00166,True
bell,11/11/2025,4,11.72,0.19,221.55,0.00165,True
bell,11/11/2025,5,11.35,0.46,221.04,0.00198,True
bell,11/11/2025,6,12.81,0.17,218.27,0.00867,True
bell,11/11/2025,7,13.61,0.48,220.83,0.00471,True
bell,11/11/2025,8,11.66,0.37,220.73,0.00091,True
bell,11/11/2025,9,7.42,0.02,221.46,0.00419,True
bell,11/11/2025,10,13.36,0.24,221.22,0.00037,True
bell,11/11/2025,11,12.1,0.44,219.19,0.00268,True
bell,11/11/2025,12,8.73,0.42,219.25,0.00119,True
bell,11/11/2025,13,7.59,0.41,220.48,0.00874,True
bell,11/11/2025,14,8.84,0.2,218.57,0.00035,True
bell,11/11/2025,15,14.92,0.04,219.75,0.00256,True
bell,11/11/2025,16,11.86,0.4,219.32,0.00803,True
bell,11/11/2025,17,13.88,0.41,219.93,0.00608,True
bell,11/11/2025,18,8.52,0.48,221.04,0.0035,True
bell,11/11/2025,19,14.61,0.06,220.31,0.0097,True
bell,11/11/2025,20,9.75,0.11,219.89,0.00993,True
bell,11/11/2025,21,8.7,0.26,218.47,0.00293,True
bell,11/11/2025,22,6.12,0.06,219.39,0.00342,True
bell,11/11/2025,23,7.91,0.47,220.23,0.00434,True
bell,11/10/2025,0,11.15,0.29,221.91,0.00871,True
bell,11/10/2025,1,9.1,0.23,218.31,0.00571,True
bell,11/10/2025,2,11.06,0.47,219.17,0.00294,True
bell,11/10/2025,3,10.89,0.33,221.37,0.00932,True
bell,11/10/2025,4,6.08,0.06,220.5,0.00297,True
bell,11/10/2025,5,10.75,0.1,218.96,0.00985,True
bell,11/10/2025,6,5.64,0.23,219.12,0.00869,True
bell,11/10/2025,7,12.81,0.29,218.21,0.00333,True
bell,11/10/2025,8,5.51,0.21,220.73,0.00478,True
bell,11/10/2025,9,9.68,0.32,221.69,0.00375,True
bell,11/10/2025,10,9.61,0.21,220.34,0.0039,True
bell,11/10/2025,11,12.91,0.09,219.23,0.00504,True
bell,11/10/2025,12,12.7,0.41,221.99,0.01,True
bell,11/10/2025,13,12.7,0.21,220.14,0.00473,True
bell,11/10/2025,14,11.34,0.32,221.67,0.00603,True
bell,11/10/2025,15,13.12,0.43,218.7,0.0086,True
bell,11/10/2025,16,11.8,0.05,218.64,0.00671,True
bell,11/10/2025,17,9.21,0.16,221.4,0.00094,True
bell,11/10/2025,18,6.4,0.19,221.8,0.00783,True
bell,11/10/2025,19,6.48,0.47,218.55,0.00753,True
bell,11/10/2025,20,6.22,0.24,218.42,0.00375,True
bell,11/10/2025,21,9.51,0.06,219.89,0.00422,True
bell,11/10/2025,22,8.67,0.39,219.21,0.00866,True
bell,11/10/2025,23,7.08,0.41,221.09,0.00225,True
bell,11/9/2025,0,9.59,0.49,221.05,0.00876,True
bell,11/9/2025,1,7.48,0.05,219.38,0.00052,True
bell,11/9/2025,2,10.85,0.1,218.74,0.0037,True
bell,11/9/2025,3,14.78,0.14,221.08,0.00068,True
bell,11/9/2025,4,13.41,0.36,220.36,0.00404,True
bell,11/9/2025,5,11.71,0.03,219.86,0.00233,True
bell,11/9/2025,6,9.15,0.36,219.95,0.00098,True
bell,11/9/2025,7,7.73,0.47,218.21,0.00032,True
bell,11/9/2025,8,6.52,0.37,218.47,0.00966,True
bell,11/9/2025,9,7.24,0.1,220.31,0.00038,True
bell,11/9/2025,10,9.16,0.34,220.24,0.00883,True
bell,11/9/2025,11,10.88,0.48,220.01,0.0065,True
bell,11/9/2025,12,14.85,0.04,221.58,0.00853,True
bell,11/9/2025,13,9.29,0.24,219.56,0.00099,True
bell,11/9/2025,14,12.0,0.38,219.12,0.00267,True
bell,11/9/2025,15,7.14,0.2,221.95,0.00377,True
bell,11/9/2025,16,13.58,0.39,221.29,0.00661,True
bell,11/9/2025,17,10.07,0.16,221.22,0.00768,True
bell,11/9/2025,18,6.16,0.1,221.66,0.00496,True
bell,11/9/2025,19,14.97,0.14,221.58,0.00356,True
bell,11/9/2025,20,9.81,0.47,220.72,0.00469,True
bell,11/9/2025,21,13.22,0.13,220.63,0.00099,True
bell,11/9/2025,22,11.85,0.26,218.83,0.00606,True
bell,11/9/2025,23,6.41,0.11,219.99,0.00108,True
